Workbook

Sheet Report
H18: `

Sheet Linearity Data
A2: Input Data | E2: Output
A3: Exp/ Light Level | B3: Gray Value (uy-Uy.dark) | C3: Temporal STD | D3: Total STD | E3: Index | F3: Gray Value (uy-Uy.dark) | G3: STD | H3: STD CHK | I3: Variance gray | J3: Variance Fit | L3: photons | M3: SNR(linear) | R3: Linearity Error(%)
H4: STD CHK | J4: GrayValue | K4: Variance slop | O4: SNR Db
E5: 0 | F5: =IF(G5="","",B5) | G5: =IF(SUM($H4:H$5)<1,C5,"") | H5: =IF(MAX($C$5:$C$105)=C5,1,"") -> 1 | I5: =C5^2-$C$5^2 -> 0 | J5: =IF(AND($V$40>F5,NOT(G5="")),F5,"") -> #N/A | K5: =IF(AND($V$40>F5,NOT(G5="")),I5,"") -> #N/A | L5: =IF(G5="","",G5*$V$6*(100/$V$5)) | M5: 1 | N5: 1 | O5: =LOG10(M5)*20 -> 0 | P5: 0 | Q5: =LOG10(M5)*20 -> 0 | R5: =IF(F5="","",(F5-(E5*$V$71+$V$72))*100/(MAX($F$5:$F$105)*0.9)) | U5: Quamtum Eppiciency | V5: 88.4
E6: =IF(F6="","",E5+1) | F6: =IF(G6="","",B6) | G6: =IF(SUM($H5:H$5)<1,C6,"") | H6: =IF(MAX($C$5:$C$105)=C6,1,"") -> 1 | I6: =C6^2-$C$5^2 -> 0 | J6: =IF(AND($V$40>F6,NOT(G6="")),F6,"") -> #N/A | K6: =IF(AND($V$40>F6,NOT(G6="")),I6,"") -> #N/A | L6: =IF(G6="",L5,F6*$V$6*(100/$V$5)) | M6: =IF(G6="",M5,(F6-$F$5)/G6) -> 1 | N6: =IF(G6="",M5,(F6-$F$5)/D6) -> 1 | O6: =LOG10(M6)*20 -> 0 | P6: =LOG10(N6)*20 -> 0 | R6: =IF(F6="","",(F6-(E6*$V$71+$V$72))*100/(MAX($F$5:$F$105)*0.9)) | U6: System Gain | V6: =1/((MATCH(MAX(K5:K105),K5:K105)*SUMPRODUCT(J5:J105,K5:K105)-SUM(J5:J105)*SUM(K5:K105))/(MATCH(MAX(K5:K105),K5:K105)*SUMSQ(J5:J105) - SUM(J5:J105)^2)) -> #N/A
E7: =IF(F7="","",E6+1) | F7: =IF(G7="","",B7) | G7: =IF(SUM($H$5:H6)<1,C7,"") | H7: =IF(MAX($C$5:$C$105)=C7,1,"") -> 1 | I7: =C7^2-$C$5^2 -> 0 | J7: =IF(AND($V$40>F7,NOT(G7="")),F7,"") -> #N/A | K7: =IF(AND($V$40>F7,NOT(G7="")),I7,"") -> #N/A | L7: =IF(G7="",L6,F7*$V$6*(100/$V$5)) | M7: =IF(G7="",M6,(F7-$F$5)/G7) -> 1 | N7: =IF(G7="",M6,(F7-$F$5)/D7) -> 1 | O7: =LOG10(M7)*20 -> 0 | P7: =LOG10(N7)*20 -> 0 | R7: =IF(F7="","",(F7-(E7*$V$71+$V$72))*100/(MAX($F$5:$F$105)*0.9))
E8: =IF(F8="","",E7+1) | F8: =IF(G8="","",B8) | G8: =IF(SUM($H$5:H7)<1,C8,"") | H8: =IF(MAX($C$5:$C$105)=C8,1,"") -> 1 | I8: =C8^2-$C$5^2 -> 0 | J8: =IF(AND($V$40>F8,NOT(G8="")),F8,"") -> #N/A | K8: =IF(AND($V$40>F8,NOT(G8="")),I8,"") -> #N/A | L8: =IF(G8="",L7,F8*$V$6*(100/$V$5)) | M8: =IF(G8="",M7,(F8-$F$5)/G8) -> 1 | N8: =IF(G8="",M7,(F8-$F$5)/D8) -> 1 | O8: =LOG10(M8)*20 -> 0 | P8: =LOG10(N8)*20 -> 0 | R8: =IF(F8="","",(F8-(E8*$V$71+$V$72))*100/(MAX($F$5:$F$105)*0.9))
E9: =IF(F9="","",E8+1) | F9: =IF(G9="","",B9) | G9: =IF(SUM($H$5:H8)<1,C9,"") | H9: =IF(MAX($C$5:$C$105)=C9,1,"") -> 1 | I9: =C9^2-$C$5^2 -> 0 | J9: =IF(AND($V$40>F9,NOT(G9="")),F9,"") -> #N/A | K9: =IF(AND($V$40>F9,NOT(G9="")),I9,"") -> #N/A | L9: =IF(G9="",L8,F9*$V$6*(100/$V$5)) | M9: =IF(G9="",M8,(F9-$F$5)/G9) -> 1 | N9: =IF(G9="",M8,(F9-$F$5)/D9) -> 1 | O9: =LOG10(M9)*20 -> 0 | P9: =LOG10(N9)*20 -> 0 | R9: =IF(F9="","",(F9-(E9*$V$71+$V$72))*100/(MAX($F$5:$F$105)*0.9))
E10: =IF(F10="","",E9+1) | F10: =IF(G10="","",B10) | G10: =IF(SUM($H$5:H9)<1,C10,"") | H10: =IF(MAX($C$5:$C$105)=C10,1,"") -> 1 | I10: =C10^2-$C$5^2 -> 0 | J10: =IF(AND($V$40>F10,NOT(G10="")),F10,"") -> #N/A | K10: =IF(AND($V$40>F10,NOT(G10="")),I10,"") -> #N/A | L10: =IF(G10="",L9,F10*$V$6*(100/$V$5)) | M10: =IF(G10="",M9,(F10-$F$5)/G10) -> 1 | N10: =IF(G10="",M9,(F10-$F$5)/D10) -> 1 | O10: =LOG10(M10)*20 -> 0 | P10: =LOG10(N10)*20 -> 0 | R10: =IF(F10="","",(F10-(E10*$V$71+$V$72))*100/(MAX($F$5:$F$105)*0.9)) | U10: DSNU1288 | V10: =SQRT(V13)*V6 -> #N/A | W10: e-
E11: =IF(F11="","",E10+1) | F11: =IF(G11="","",B11) | G11: =IF(SUM($H$5:H10)<1,C11,"") | H11: =IF(MAX($C$5:$C$105)=C11,1,"") -> 1 | I11: =C11^2-$C$5^2 -> 0 | J11: =IF(AND($V$40>F11,NOT(G11="")),F11,"") -> #N/A | K11: =IF(AND($V$40>F11,NOT(G11="")),I11,"") -> #N/A | L11: =IF(G11="",L10,F11*$V$6*(100/$V$5)) | M11: =IF(G11="",M10,(F11-$F$5)/G11) -> 1 | N11: =IF(G11="",M10,(F11-$F$5)/D11) -> 1 | O11: =LOG10(M11)*20 -> 0 | P11: =LOG10(N11)*20 -> 0 | R11: =IF(F11="","",(F11-(E11*$V$71+$V$72))*100/(MAX($F$5:$F$105)*0.9)) | U11: PRNU1288 | V11: =SQRT(V14-V13)*100/(V15-V16) -> #N/A | W11: %
E12: =IF(F12="","",E11+1) | F12: =IF(G12="","",B12) | G12: =IF(SUM($H$5:H11)<1,C12,"") | H12: =IF(MAX($C$5:$C$105)=C12,1,"") -> 1 | I12: =C12^2-$C$5^2 -> 0 | J12: =IF(AND($V$40>F12,NOT(G12="")),F12,"") -> #N/A | K12: =IF(AND($V$40>F12,NOT(G12="")),I12,"") -> #N/A | L12: =IF(G12="",L11,F12*$V$6*(100/$V$5)) | M12: =IF(G12="",M11,(F12-$F$5)/G12) -> 1 | N12: =IF(G12="",M11,(F12-$F$5)/D12) -> 1 | O12: =LOG10(M12)*20 -> 0 | P12: =LOG10(N12)*20 -> 0 | R12: =IF(F12="","",(F12-(E12*$V$71+$V$72))*100/(MAX($F$5:$F$105)*0.9))
E13: =IF(F13="","",E12+1) | F13: =IF(G13="","",B13) | G13: =IF(SUM($H$5:H12)<1,C13,"") | H13: =IF(MAX($C$5:$C$105)=C13,1,"") -> 1 | I13: =C13^2-$C$5^2 -> 0 | J13: =IF(AND($V$40>F13,NOT(G13="")),F13,"") -> #N/A | K13: =IF(AND($V$40>F13,NOT(G13="")),I13,"") -> #N/A | L13: =IF(G13="",L12,F13*$V$6*(100/$V$5)) | M13: =IF(G13="",M12,(F13-$F$5)/G13) -> 1 | N13: =IF(G13="",M12,(F13-$F$5)/D13) -> 1 | O13: =LOG10(M13)*20 -> 0 | P13: =LOG10(N13)*20 -> 0 | R13: =IF(F13="","",(F13-(E13*$V$71+$V$72))*100/(MAX($F$5:$F$105)*0.9)) | U13: Sy.dark^2 | V13: =D5^2-C5^2 -> 0
E14: =IF(F14="","",E13+1) | F14: =IF(G14="","",B14) | G14: =IF(SUM($H$5:H13)<1,C14,"") | H14: =IF(MAX($C$5:$C$105)=C14,1,"") -> 1 | I14: =C14^2-$C$5^2 -> 0 | J14: =IF(AND($V$40>F14,NOT(G14="")),F14,"") -> #N/A | K14: =IF(AND($V$40>F14,NOT(G14="")),I14,"") -> #N/A | L14: =IF(G14="",L13,F14*$V$6*(100/$V$5)) | M14: =IF(G14="",M13,(F14-$F$5)/G14) -> 1 | N14: =IF(G14="",M13,(F14-$F$5)/D14) -> 1 | O14: =LOG10(M14)*20 -> 0 | P14: =LOG10(N14)*20 -> 0 | R14: =IF(F14="","",(F14-(E14*$V$71+$V$72))*100/(MAX($F$5:$F$105)*0.9)) | U14: Sy.50^2 | V14: =INDEX(D5:D105,(MATCH(MAX(F5:F105),F5:F105,0))*0.5,0)^2-INDEX(C5:C105,(MATCH(MAX(F5:F105),F5:F105,0))*0.5,0)^2 -> #N/A
E15: =IF(F15="","",E14+1) | F15: =IF(G15="","",B15) | G15: =IF(SUM($H$5:H14)<1,C15,"") | H15: =IF(MAX($C$5:$C$105)=C15,1,"") -> 1 | I15: =C15^2-$C$5^2 -> 0 | J15: =IF(AND($V$40>F15,NOT(G15="")),F15,"") -> #N/A | K15: =IF(AND($V$40>F15,NOT(G15="")),I15,"") -> #N/A | L15: =IF(G15="",L14,F15*$V$6*(100/$V$5)) | M15: =IF(G15="",M14,(F15-$F$5)/G15) -> 1 | N15: =IF(G15="",M14,(F15-$F$5)/D15) -> 1 | O15: =LOG10(M15)*20 -> 0 | P15: =LOG10(N15)*20 -> 0 | R15: =IF(F15="","",(F15-(E15*$V$71+$V$72))*100/(MAX($F$5:$F$105)*0.9)) | U15: uy.50 | V15: =INDEX(B5:B105,(MATCH(MAX(F5:F105),F5:F105,0))*0.5,0) -> #N/A
E16: =IF(F16="","",E15+1) | F16: =IF(G16="","",B16) | G16: =IF(SUM($H$5:H15)<1,C16,"") | H16: =IF(MAX($C$5:$C$105)=C16,1,"") -> 1 | I16: =C16^2-$C$5^2 -> 0 | J16: =IF(AND($V$40>F16,NOT(G16="")),F16,"") -> #N/A | K16: =IF(AND($V$40>F16,NOT(G16="")),I16,"") -> #N/A | L16: =IF(G16="",L15,F16*$V$6*(100/$V$5)) | M16: =IF(G16="",M15,(F16-$F$5)/G16) -> 1 | N16: =IF(G16="",M15,(F16-$F$5)/D16) -> 1 | O16: =LOG10(M16)*20 -> 0 | P16: =LOG10(N16)*20 -> 0 | R16: =IF(F16="","",(F16-(E16*$V$71+$V$72))*100/(MAX($F$5:$F$105)*0.9)) | U16: uy.dark | V16: =B5 -> 0
E17: =IF(F17="","",E16+1) | F17: =IF(G17="","",B17) | G17: =IF(SUM($H$5:H16)<1,C17,"") | H17: =IF(MAX($C$5:$C$105)=C17,1,"") -> 1 | I17: =C17^2-$C$5^2 -> 0 | J17: =IF(AND($V$40>F17,NOT(G17="")),F17,"") -> #N/A | K17: =IF(AND($V$40>F17,NOT(G17="")),I17,"") -> #N/A | L17: =IF(G17="",L16,F17*$V$6*(100/$V$5)) | M17: =IF(G17="",M16,(F17-$F$5)/G17) -> 1 | N17: =IF(G17="",M16,(F17-$F$5)/D17) -> 1 | O17: =LOG10(M17)*20 -> 0 | P17: =LOG10(N17)*20 -> 0 | R17: =IF(F17="","",(F17-(E17*$V$71+$V$72))*100/(MAX($F$5:$F$105)*0.9))
E18: =IF(F18="","",E17+1) | F18: =IF(G18="","",B18) | G18: =IF(SUM($H$5:H17)<1,C18,"") | H18: =IF(MAX($C$5:$C$105)=C18,1,"") -> 1 | I18: =C18^2-$C$5^2 -> 0 | J18: =IF(AND($V$40>F18,NOT(G18="")),F18,"") -> #N/A | K18: =IF(AND($V$40>F18,NOT(G18="")),I18,"") -> #N/A | L18: =IF(G18="",L17,F18*$V$6*(100/$V$5)) | M18: =IF(G18="",M17,(F18-$F$5)/G18) -> 1 | N18: =IF(G18="",M17,(F18-$F$5)/D18) -> 1 | O18: =LOG10(M18)*20 -> 0 | P18: =LOG10(N18)*20 -> 0 | R18: =IF(F18="","",(F18-(E18*$V$71+$V$72))*100/(MAX($F$5:$F$105)*0.9))
E19: =IF(F19="","",E18+1) | F19: =IF(G19="","",B19) | G19: =IF(SUM($H$5:H18)<1,C19,"") | H19: =IF(MAX($C$5:$C$105)=C19,1,"") -> 1 | I19: =C19^2-$C$5^2 -> 0 | J19: =IF(AND($V$40>F19,NOT(G19="")),F19,"") -> #N/A | K19: =IF(AND($V$40>F19,NOT(G19="")),I19,"") -> #N/A | L19: =IF(G19="",L18,F19*$V$6*(100/$V$5)) | M19: =IF(G19="",M18,(F19-$F$5)/G19) -> 1 | N19: =IF(G19="",M18,(F19-$F$5)/D19) -> 1 | O19: =LOG10(M19)*20 -> 0 | P19: =LOG10(N19)*20 -> 0 | R19: =IF(F19="","",(F19-(E19*$V$71+$V$72))*100/(MAX($F$5:$F$105)*0.9))
E20: =IF(F20="","",E19+1) | F20: =IF(G20="","",B20) | G20: =IF(SUM($H$5:H19)<1,C20,"") | H20: =IF(MAX($C$5:$C$105)=C20,1,"") -> 1 | I20: =C20^2-$C$5^2 -> 0 | J20: =IF(AND($V$40>F20,NOT(G20="")),F20,"") -> #N/A | K20: =IF(AND($V$40>F20,NOT(G20="")),I20,"") -> #N/A | L20: =IF(G20="",L19,F20*$V$6*(100/$V$5)) | M20: =IF(G20="",M19,(F20-$F$5)/G20) -> 1 | N20: =IF(G20="",M19,(F20-$F$5)/D20) -> 1 | O20: =LOG10(M20)*20 -> 0 | P20: =LOG10(N20)*20 -> 0 | R20: =IF(F20="","",(F20-(E20*$V$71+$V$72))*100/(MAX($F$5:$F$105)*0.9))
E21: =IF(F21="","",E20+1) | F21: =IF(G21="","",B21) | G21: =IF(SUM($H$5:H20)<1,C21,"") | H21: =IF(MAX($C$5:$C$105)=C21,1,"") -> 1 | I21: =C21^2-$C$5^2 -> 0 | J21: =IF(AND($V$40>F21,NOT(G21="")),F21,"") -> #N/A | K21: =IF(AND($V$40>F21,NOT(G21="")),I21,"") -> #N/A | L21: =IF(G21="",L20,F21*$V$6*(100/$V$5)) | M21: =IF(G21="",M20,(F21-$F$5)/G21) -> 1 | N21: =IF(G21="",M20,(F21-$F$5)/D21) -> 1 | O21: =LOG10(M21)*20 -> 0 | P21: =LOG10(N21)*20 -> 0 | R21: =IF(F21="","",(F21-(E21*$V$71+$V$72))*100/(MAX($F$5:$F$105)*0.9))
E22: =IF(F22="","",E21+1) | F22: =IF(G22="","",B22) | G22: =IF(SUM($H$5:H21)<1,C22,"") | H22: =IF(MAX($C$5:$C$105)=C22,1,"") -> 1 | I22: =C22^2-$C$5^2 -> 0 | J22: =IF(AND($V$40>F22,NOT(G22="")),F22,"") -> #N/A | K22: =IF(AND($V$40>F22,NOT(G22="")),I22,"") -> #N/A | L22: =IF(G22="",L21,F22*$V$6*(100/$V$5)) | M22: =IF(G22="",M21,(F22-$F$5)/G22) -> 1 | N22: =IF(G22="",M21,(F22-$F$5)/D22) -> 1 | O22: =LOG10(M22)*20 -> 0 | P22: =LOG10(N22)*20 -> 0 | R22: =IF(F22="","",(F22-(E22*$V$71+$V$72))*100/(MAX($F$5:$F$105)*0.9))
E23: =IF(F23="","",E22+1) | F23: =IF(G23="","",B23) | G23: =IF(SUM($H$5:H22)<1,C23,"") | H23: =IF(MAX($C$5:$C$105)=C23,1,"") -> 1 | I23: =C23^2-$C$5^2 -> 0 | J23: =IF(AND($V$40>F23,NOT(G23="")),F23,"") -> #N/A | K23: =IF(AND($V$40>F23,NOT(G23="")),I23,"") -> #N/A | L23: =IF(G23="",L22,F23*$V$6*(100/$V$5)) | M23: =IF(G23="",M22,(F23-$F$5)/G23) -> 1 | N23: =IF(G23="",M22,(F23-$F$5)/D23) -> 1 | O23: =LOG10(M23)*20 -> 0 | P23: =LOG10(N23)*20 -> 0 | R23: =IF(F23="","",(F23-(E23*$V$71+$V$72))*100/(MAX($F$5:$F$105)*0.9))
E24: =IF(F24="","",E23+1) | F24: =IF(G24="","",B24) | G24: =IF(SUM($H$5:H23)<1,C24,"") | H24: =IF(MAX($C$5:$C$105)=C24,1,"") -> 1 | I24: =C24^2-$C$5^2 -> 0 | J24: =IF(AND($V$40>F24,NOT(G24="")),F24,"") -> #N/A | K24: =IF(AND($V$40>F24,NOT(G24="")),I24,"") -> #N/A | L24: =IF(G24="",L23,F24*$V$6*(100/$V$5)) | M24: =IF(G24="",M23,(F24-$F$5)/G24) -> 1 | R24: =IF(F24="","",(F24-(E24*$V$71+$V$72))*100/(MAX($F$5:$F$105)*0.9)) | U24: 항목 | V24: photon | W24: ratio
E25: =IF(F25="","",E24+1) | F25: =IF(G25="","",B25) | G25: =IF(SUM($H$5:H24)<1,C25,"") | H25: =IF(MAX($C$5:$C$105)=C25,1,"") -> 1 | I25: =C25^2-$C$5^2 -> 0 | J25: =IF(AND($V$40>F25,NOT(G25="")),F25,"") -> #N/A | K25: =IF(AND($V$40>F25,NOT(G25="")),I25,"") -> #N/A | L25: =IF(G25="",L24,F25*$V$6*(100/$V$5)) | M25: =IF(G25="",M24,(F25-$F$5)/G25) -> 1 | R25: =IF(F25="","",(F25-(E25*$V$71+$V$72))*100/(MAX($F$5:$F$105)*0.9)) | U25: SNR 1 | V25: =MIN(L4:L104) -> 0 | W25: =MIN(M4:M104) -> 1
E26: =IF(F26="","",E25+1) | F26: =IF(G26="","",B26) | G26: =IF(SUM($H$5:H25)<1,C26,"") | H26: =IF(MAX($C$5:$C$105)=C26,1,"") -> 1 | I26: =C26^2-$C$5^2 -> 0 | J26: =IF(AND($V$40>F26,NOT(G26="")),F26,"") -> #N/A | K26: =IF(AND($V$40>F26,NOT(G26="")),I26,"") -> #N/A | L26: =IF(G26="",L25,F26*$V$6*(100/$V$5)) | M26: =IF(G26="",M25,(F26-$F$5)/G26) -> 1 | R26: =IF(F26="","",(F26-(E26*$V$71+$V$72))*100/(MAX($F$5:$F$105)*0.9)) | U26: SNR MAX(Saturation) | V26: =MAX(L6:L105) -> 0 | W26: =MAX(M6:M105) -> 1
E27: =IF(F27="","",E26+1) | F27: =IF(G27="","",B27) | G27: =IF(SUM($H$5:H26)<1,C27,"") | H27: =IF(MAX($C$5:$C$105)=C27,1,"") -> 1 | I27: =C27^2-$C$5^2 -> 0 | J27: =IF(AND($V$40>F27,NOT(G27="")),F27,"") -> #N/A | K27: =IF(AND($V$40>F27,NOT(G27="")),I27,"") -> #N/A | L27: =IF(G27="",L26,F27*$V$6*(100/$V$5)) | M27: =IF(G27="",M26,(F27-$F$5)/G27) -> 1 | R27: =IF(F27="","",(F27-(E27*$V$71+$V$72))*100/(MAX($F$5:$F$105)*0.9)) | U27: theor.limit | V27: 1 | W27: =SQRT(V27) -> 1
E28: =IF(F28="","",E27+1) | F28: =IF(G28="","",B28) | G28: =IF(SUM($H$5:H27)<1,C28,"") | H28: =IF(MAX($C$5:$C$105)=C28,1,"") -> 1 | I28: =C28^2-$C$5^2 -> 0 | J28: =IF(AND($V$40>F28,NOT(G28="")),F28,"") -> #N/A | K28: =IF(AND($V$40>F28,NOT(G28="")),I28,"") -> #N/A | L28: =IF(G28="",L27,F28*$V$6*(100/$V$5)) | M28: =IF(G28="",M27,(F28-$F$5)/G28) -> 1 | R28: =IF(F28="","",(F28-(E28*$V$71+$V$72))*100/(MAX($F$5:$F$105)*0.9)) | V28: 1000000 | W28: =SQRT(V28) -> 1000
E29: =IF(F29="","",E28+1) | F29: =IF(G29="","",B29) | G29: =IF(SUM($H$5:H28)<1,C29,"") | H29: =IF(MAX($C$5:$C$105)=C29,1,"") -> 1 | I29: =C29^2-$C$5^2 -> 0 | J29: =IF(AND($V$40>F29,NOT(G29="")),F29,"") -> #N/A | K29: =IF(AND($V$40>F29,NOT(G29="")),I29,"") -> #N/A | L29: =IF(G29="",L28,F29*$V$6*(100/$V$5)) | M29: =IF(G29="",M28,(F29-$F$5)/G29) -> 1 | R29: =IF(F29="","",(F29-(E29*$V$71+$V$72))*100/(MAX($F$5:$F$105)*0.9))
E30: =IF(F30="","",E29+1) | F30: =IF(G30="","",B30) | G30: =IF(SUM($H$5:H29)<1,C30,"") | H30: =IF(MAX($C$5:$C$105)=C30,1,"") -> 1 | I30: =C30^2-$C$5^2 -> 0 | J30: =IF(AND($V$40>F30,NOT(G30="")),F30,"") -> #N/A | K30: =IF(AND($V$40>F30,NOT(G30="")),I30,"") -> #N/A | L30: =IF(G30="",L29,F30*$V$6*(100/$V$5)) | M30: =IF(G30="",M29,(F30-$F$5)/G30) -> 1 | R30: =IF(F30="","",(F30-(E30*$V$71+$V$72))*100/(MAX($F$5:$F$105)*0.9))
E31: =IF(F31="","",E30+1) | F31: =IF(G31="","",B31) | G31: =IF(SUM($H$5:H30)<1,C31,"") | H31: =IF(MAX($C$5:$C$105)=C31,1,"") -> 1 | I31: =C31^2-$C$5^2 -> 0 | J31: =IF(AND($V$40>F31,NOT(G31="")),F31,"") -> #N/A | K31: =IF(AND($V$40>F31,NOT(G31="")),I31,"") -> #N/A | L31: =IF(G31="",L30,F31*$V$6*(100/$V$5)) | M31: =IF(G31="",M30,(F31-$F$5)/G31) -> 1 | R31: =IF(F31="","",(F31-(E31*$V$71+$V$72))*100/(MAX($F$5:$F$105)*0.9))
E32: =IF(F32="","",E31+1) | F32: =IF(G32="","",B32) | G32: =IF(SUM($H$5:H31)<1,C32,"") | H32: =IF(MAX($C$5:$C$105)=C32,1,"") -> 1 | I32: =C32^2-$C$5^2 -> 0 | J32: =IF(AND($V$40>F32,NOT(G32="")),F32,"") -> #N/A | K32: =IF(AND($V$40>F32,NOT(G32="")),I32,"") -> #N/A | L32: =IF(G32="",L31,F32*$V$6*(100/$V$5)) | M32: =IF(G32="",M31,(F32-$F$5)/G32) -> 1 | R32: =IF(F32="","",(F32-(E32*$V$71+$V$72))*100/(MAX($F$5:$F$105)*0.9))
E33: =IF(F33="","",E32+1) | F33: =IF(G33="","",B33) | G33: =IF(SUM($H$5:H32)<1,C33,"") | H33: =IF(MAX($C$5:$C$105)=C33,1,"") -> 1 | I33: =C33^2-$C$5^2 -> 0 | J33: =IF(AND($V$40>F33,NOT(G33="")),F33,"") -> #N/A | K33: =IF(AND($V$40>F33,NOT(G33="")),I33,"") -> #N/A | L33: =IF(G33="",L32,F33*$V$6*(100/$V$5)) | M33: =IF(G33="",M32,(F33-$F$5)/G33) -> 1 | R33: =IF(F33="","",(F33-(E33*$V$71+$V$72))*100/(MAX($F$5:$F$105)*0.9))
E34: =IF(F34="","",E33+1) | F34: =IF(G34="","",B34) | G34: =IF(SUM($H$5:H33)<1,C34,"") | H34: =IF(MAX($C$5:$C$105)=C34,1,"") -> 1 | I34: =C34^2-$C$5^2 -> 0 | J34: =IF(AND($V$40>F34,NOT(G34="")),F34,"") -> #N/A | K34: =IF(AND($V$40>F34,NOT(G34="")),I34,"") -> #N/A | L34: =IF(G34="",L33,F34*$V$6*(100/$V$5)) | M34: =IF(G34="",M33,(F34-$F$5)/G34) -> 1 | R34: =IF(F34="","",(F34-(E34*$V$71+$V$72))*100/(MAX($F$5:$F$105)*0.9))
E35: =IF(F35="","",E34+1) | F35: =IF(G35="","",B35) | G35: =IF(SUM($H$5:H34)<1,C35,"") | H35: =IF(MAX($C$5:$C$105)=C35,1,"") -> 1 | I35: =C35^2-$C$5^2 -> 0 | J35: =IF(AND($V$40>F35,NOT(G35="")),F35,"") -> #N/A | K35: =IF(AND($V$40>F35,NOT(G35="")),I35,"") -> #N/A | L35: =IF(G35="",L34,F35*$V$6*(100/$V$5)) | M35: =IF(G35="",M34,(F35-$F$5)/G35) -> 1 | R35: =IF(F35="","",(F35-(E35*$V$71+$V$72))*100/(MAX($F$5:$F$105)*0.9))
E36: =IF(F36="","",E35+1) | F36: =IF(G36="","",B36) | G36: =IF(SUM($H$5:H35)<1,C36,"") | H36: =IF(MAX($C$5:$C$105)=C36,1,"") -> 1 | I36: =C36^2-$C$5^2 -> 0 | J36: =IF(AND($V$40>F36,NOT(G36="")),F36,"") -> #N/A | K36: =IF(AND($V$40>F36,NOT(G36="")),I36,"") -> #N/A | L36: =IF(G36="",L35,F36*$V$6*(100/$V$5)) | M36: =IF(G36="",M35,(F36-$F$5)/G36) -> 1 | R36: =IF(F36="","",(F36-(E36*$V$71+$V$72))*100/(MAX($F$5:$F$105)*0.9))
E37: =IF(F37="","",E36+1) | F37: =IF(G37="","",B37) | G37: =IF(SUM($H$5:H36)<1,C37,"") | H37: =IF(MAX($C$5:$C$105)=C37,1,"") -> 1 | I37: =C37^2-$C$5^2 -> 0 | J37: =IF(AND($V$40>F37,NOT(G37="")),F37,"") -> #N/A | K37: =IF(AND($V$40>F37,NOT(G37="")),I37,"") -> #N/A | L37: =IF(G37="",L36,F37*$V$6*(100/$V$5)) | M37: =IF(G37="",M36,(F37-$F$5)/G37) -> 1 | R37: =IF(F37="","",(F37-(E37*$V$71+$V$72))*100/(MAX($F$5:$F$105)*0.9))
E38: =IF(F38="","",E37+1) | F38: =IF(G38="","",B38) | G38: =IF(SUM($H$5:H37)<1,C38,"") | H38: =IF(MAX($C$5:$C$105)=C38,1,"") -> 1 | I38: =C38^2-$C$5^2 -> 0 | J38: =IF(AND($V$40>F38,NOT(G38="")),F38,"") -> #N/A | K38: =IF(AND($V$40>F38,NOT(G38="")),I38,"") -> #N/A | L38: =IF(G38="",L37,F38*$V$6*(100/$V$5)) | M38: =IF(G38="",M37,(F38-$F$5)/G38) -> 1 | R38: =IF(F38="","",(F38-(E38*$V$71+$V$72))*100/(MAX($F$5:$F$105)*0.9)) | U38: 항목 | V38: X | W38: Y
E39: =IF(F39="","",E38+1) | F39: =IF(G39="","",B39) | G39: =IF(SUM($H$5:H38)<1,C39,"") | H39: =IF(MAX($C$5:$C$105)=C39,1,"") -> 1 | I39: =C39^2-$C$5^2 -> 0 | J39: =IF(AND($V$40>F39,NOT(G39="")),F39,"") -> #N/A | K39: =IF(AND($V$40>F39,NOT(G39="")),I39,"") -> #N/A | L39: =IF(G39="",L38,F39*$V$6*(100/$V$5)) | M39: =IF(G39="",M38,(F39-$F$5)/G39) -> 1 | R39: =IF(F39="","",(F39-(E39*$V$71+$V$72))*100/(MAX($F$5:$F$105)*0.9)) | U39: fit Line | V39: 0 | W39: =SQRT(V39) -> 0
E40: =IF(F40="","",E39+1) | F40: =IF(G40="","",B40) | G40: =IF(SUM($H$5:H39)<1,C40,"") | H40: =IF(MAX($C$5:$C$105)=C40,1,"") -> 1 | I40: =C40^2-$C$5^2 -> 0 | J40: =IF(AND($V$40>F40,NOT(G40="")),F40,"") -> #N/A | K40: =IF(AND($V$40>F40,NOT(G40="")),I40,"") -> #N/A | L40: =IF(G40="",L39,F40*$V$6*(100/$V$5)) | M40: =IF(G40="",M39,(F40-$F$5)/G40) -> 1 | R40: =IF(F40="","",(F40-(E40*$V$71+$V$72))*100/(MAX($F$5:$F$105)*0.9)) | V40: =INDEX(F5:F105,(MATCH(MAX(F5:F105),F5:F105,0))*0.7,0) -> #N/A | W40: =V40/V6 -> #N/A
E41: =IF(F41="","",E40+1) | F41: =IF(G41="","",B41) | G41: =IF(SUM($H$5:H40)<1,C41,"") | H41: =IF(MAX($C$5:$C$105)=C41,1,"") -> 1 | I41: =C41^2-$C$5^2 -> 0 | J41: =IF(AND($V$40>F41,NOT(G41="")),F41,"") -> #N/A | K41: =IF(AND($V$40>F41,NOT(G41="")),I41,"") -> #N/A | L41: =IF(G41="",L40,F41*$V$6*(100/$V$5)) | M41: =IF(G41="",M40,(F41-$F$5)/G41) -> 1 | R41: =IF(F41="","",(F41-(E41*$V$71+$V$72))*100/(MAX($F$5:$F$105)*0.9)) | U41: Saturation Line | V41: =MAX(F5:F103) -> 0 | W41: =(MAX(C5:C103))^2 -> 0
E42: =IF(F42="","",E41+1) | F42: =IF(G42="","",B42) | G42: =IF(SUM($H$5:H41)<1,C42,"") | H42: =IF(MAX($C$5:$C$105)=C42,1,"") -> 1 | I42: =C42^2-$C$5^2 -> 0 | J42: =IF(AND($V$40>F42,NOT(G42="")),F42,"") -> #N/A | K42: =IF(AND($V$40>F42,NOT(G42="")),I42,"") -> #N/A | L42: =IF(G42="",L41,F42*$V$6*(100/$V$5)) | M42: =IF(G42="",M41,(F42-$F$5)/G42) -> 1 | R42: =IF(F42="","",(F42-(E42*$V$71+$V$72))*100/(MAX($F$5:$F$105)*0.9)) | V42: =MAX(F5:F103) -> 0 | W42: -1000
E43: =IF(F43="","",E42+1) | F43: =IF(G43="","",B43) | G43: =IF(SUM($H$5:H42)<1,C43,"") | H43: =IF(MAX($C$5:$C$105)=C43,1,"") -> 1 | I43: =C43^2-$C$5^2 -> 0 | J43: =IF(AND($V$40>F43,NOT(G43="")),F43,"") -> #N/A | K43: =IF(AND($V$40>F43,NOT(G43="")),I43,"") -> #N/A | L43: =IF(G43="",L42,F43*$V$6*(100/$V$5)) | M43: =IF(G43="",M42,(F43-$F$5)/G43) -> 1 | R43: =IF(F43="","",(F43-(E43*$V$71+$V$72))*100/(MAX($F$5:$F$105)*0.9))
E44: =IF(F44="","",E43+1) | F44: =IF(G44="","",B44) | G44: =IF(SUM($H$5:H43)<1,C44,"") | H44: =IF(MAX($C$5:$C$105)=C44,1,"") -> 1 | I44: =C44^2-$C$5^2 -> 0 | J44: =IF(AND($V$40>F44,NOT(G44="")),F44,"") -> #N/A | K44: =IF(AND($V$40>F44,NOT(G44="")),I44,"") -> #N/A | L44: =IF(G44="",L43,F44*$V$6*(100/$V$5)) | M44: =IF(G44="",M43,(F44-$F$5)/G44) -> 1 | R44: =IF(F44="","",(F44-(E44*$V$71+$V$72))*100/(MAX($F$5:$F$105)*0.9))
E45: =IF(F45="","",E44+1) | F45: =IF(G45="","",B45) | G45: =IF(SUM($H$5:H44)<1,C45,"") | H45: =IF(MAX($C$5:$C$105)=C45,1,"") -> 1 | I45: =C45^2-$C$5^2 -> 0 | J45: =IF(AND($V$40>F45,NOT(G45="")),F45,"") -> #N/A | K45: =IF(AND($V$40>F45,NOT(G45="")),I45,"") -> #N/A | L45: =IF(G45="",L44,F45*$V$6*(100/$V$5)) | M45: =IF(G45="",M44,(F45-$F$5)/G45) -> 1 | R45: =IF(F45="","",(F45-(E45*$V$71+$V$72))*100/(MAX($F$5:$F$105)*0.9))
E46: =IF(F46="","",E45+1) | F46: =IF(G46="","",B46) | G46: =IF(SUM($H$5:H45)<1,C46,"") | H46: =IF(MAX($C$5:$C$105)=C46,1,"") -> 1 | I46: =C46^2-$C$5^2 -> 0 | J46: =IF(AND($V$40>F46,NOT(G46="")),F46,"") -> #N/A | K46: =IF(AND($V$40>F46,NOT(G46="")),I46,"") -> #N/A | L46: =IF(G46="",L45,F46*$V$6*(100/$V$5)) | M46: =IF(G46="",M45,(F46-$F$5)/G46) -> 1 | R46: =IF(F46="","",(F46-(E46*$V$71+$V$72))*100/(MAX($F$5:$F$105)*0.9))
E47: =IF(F47="","",E46+1) | F47: =IF(G47="","",B47) | G47: =IF(SUM($H$5:H46)<1,C47,"") | H47: =IF(MAX($C$5:$C$105)=C47,1,"") -> 1 | I47: =C47^2-$C$5^2 -> 0 | J47: =IF(AND($V$40>F47,NOT(G47="")),F47,"") -> #N/A | K47: =IF(AND($V$40>F47,NOT(G47="")),I47,"") -> #N/A | L47: =IF(G47="",L46,F47*$V$6*(100/$V$5)) | M47: =IF(G47="",M46,(F47-$F$5)/G47) -> 1 | R47: =IF(F47="","",(F47-(E47*$V$71+$V$72))*100/(MAX($F$5:$F$105)*0.9))
E48: =IF(F48="","",E47+1) | F48: =IF(G48="","",B48) | G48: =IF(SUM($H$5:H47)<1,C48,"") | H48: =IF(MAX($C$5:$C$105)=C48,1,"") -> 1 | I48: =C48^2-$C$5^2 -> 0 | J48: =IF(AND($V$40>F48,NOT(G48="")),F48,"") -> #N/A | K48: =IF(AND($V$40>F48,NOT(G48="")),I48,"") -> #N/A | L48: =IF(G48="",L47,F48*$V$6*(100/$V$5)) | M48: =IF(G48="",M47,(F48-$F$5)/G48) -> 1 | R48: =IF(F48="","",(F48-(E48*$V$71+$V$72))*100/(MAX($F$5:$F$105)*0.9))
E49: =IF(F49="","",E48+1) | F49: =IF(G49="","",B49) | G49: =IF(SUM($H$5:H48)<1,C49,"") | H49: =IF(MAX($C$5:$C$105)=C49,1,"") -> 1 | I49: =C49^2-$C$5^2 -> 0 | J49: =IF(AND($V$40>F49,NOT(G49="")),F49,"") -> #N/A | K49: =IF(AND($V$40>F49,NOT(G49="")),I49,"") -> #N/A | L49: =IF(G49="",L48,F49*$V$6*(100/$V$5)) | M49: =IF(G49="",M48,(F49-$F$5)/G49) -> 1 | R49: =IF(F49="","",(F49-(E49*$V$71+$V$72))*100/(MAX($F$5:$F$105)*0.9))
E50: =IF(F50="","",E49+1) | F50: =IF(G50="","",B50) | G50: =IF(SUM($H$5:H49)<1,C50,"") | H50: =IF(MAX($C$5:$C$105)=C50,1,"") -> 1 | I50: =C50^2-$C$5^2 -> 0 | J50: =IF(AND($V$40>F50,NOT(G50="")),F50,"") -> #N/A | K50: =IF(AND($V$40>F50,NOT(G50="")),I50,"") -> #N/A | L50: =IF(G50="",L49,F50*$V$6*(100/$V$5)) | M50: =IF(G50="",M49,(F50-$F$5)/G50) -> 1 | R50: =IF(F50="","",(F50-(E50*$V$71+$V$72))*100/(MAX($F$5:$F$105)*0.9))
E51: =IF(F51="","",E50+1) | F51: =IF(G51="","",B51) | G51: =IF(SUM($H$5:H50)<1,C51,"") | H51: =IF(MAX($C$5:$C$105)=C51,1,"") -> 1 | I51: =C51^2-$C$5^2 -> 0 | J51: =IF(AND($V$40>F51,NOT(G51="")),F51,"") -> #N/A | K51: =IF(AND($V$40>F51,NOT(G51="")),I51,"") -> #N/A | L51: =IF(G51="",L50,F51*$V$6*(100/$V$5)) | M51: =IF(G51="",M50,(F51-$F$5)/G51) -> 1 | R51: =IF(F51="","",(F51-(E51*$V$71+$V$72))*100/(MAX($F$5:$F$105)*0.9))
E52: =IF(F52="","",E51+1) | F52: =IF(G52="","",B52) | G52: =IF(SUM($H$5:H51)<1,C52,"") | H52: =IF(MAX($C$5:$C$105)=C52,1,"") -> 1 | I52: =C52^2-$C$5^2 -> 0 | J52: =IF(AND($V$40>F52,NOT(G52="")),F52,"") -> #N/A | K52: =IF(AND($V$40>F52,NOT(G52="")),I52,"") -> #N/A | L52: =IF(G52="",L51,F52*$V$6*(100/$V$5)) | M52: =IF(G52="",M51,(F52-$F$5)/G52) -> 1 | R52: =IF(F52="","",(F52-(E52*$V$71+$V$72))*100/(MAX($F$5:$F$105)*0.9))
E53: =IF(F53="","",E52+1) | F53: =IF(G53="","",B53) | G53: =IF(SUM($H$5:H52)<1,C53,"") | H53: =IF(MAX($C$5:$C$105)=C53,1,"") -> 1 | I53: =C53^2-$C$5^2 -> 0 | J53: =IF(AND($V$40>F53,NOT(G53="")),F53,"") -> #N/A | K53: =IF(AND($V$40>F53,NOT(G53="")),I53,"") -> #N/A | L53: =IF(G53="",L52,F53*$V$6*(100/$V$5)) | M53: =IF(G53="",M52,(F53-$F$5)/G53) -> 1 | R53: =IF(F53="","",(F53-(E53*$V$71+$V$72))*100/(MAX($F$5:$F$105)*0.9))
E54: =IF(F54="","",E53+1) | F54: =IF(G54="","",B54) | G54: =IF(SUM($H$5:H53)<1,C54,"") | H54: =IF(MAX($C$5:$C$105)=C54,1,"") -> 1 | I54: =C54^2-$C$5^2 -> 0 | J54: =IF(AND($V$40>F54,NOT(G54="")),F54,"") -> #N/A | K54: =IF(AND($V$40>F54,NOT(G54="")),I54,"") -> #N/A | L54: =IF(G54="",L53,F54*$V$6*(100/$V$5)) | M54: =IF(G54="",M53,(F54-$F$5)/G54) -> 1 | R54: =IF(F54="","",(F54-(E54*$V$71+$V$72))*100/(MAX($F$5:$F$105)*0.9))
... E70: =IF(F70="","",E69+1) | F70: =IF(G70="","",B70) | G70: =IF(SUM($H$5:H69)<1,C70,"") | H70: =IF(MAX($C$5:$C$105)=C70,1,"") -> 1 | I70: =C70^2-$C$5^2 -> 0 | J70: =IF(AND($V$40>F70,NOT(G70="")),F70,"") -> #N/A | K70: =IF(AND($V$40>F70,NOT(G70="")),I70,"") -> #N/A | L70: =IF(G70="",L69,F70*$V$6*(100/$V$5)) | M70: =IF(G70="",M69,(F70-$F$5)/G70) -> 1 | R70: =IF(F70="","",(F70-(E70*$V$71+$V$72))*100/(MAX($F$5:$F$105)*0.9))
E71: =IF(F71="","",E70+1) | F71: =IF(G71="","",B71) | G71: =IF(SUM($H$5:H70)<1,C71,"") | H71: =IF(MAX($C$5:$C$105)=C71,1,"") -> 1 | I71: =C71^2-$C$5^2 -> 0 | J71: =IF(AND($V$40>F71,NOT(G71="")),F71,"") -> #N/A | K71: =IF(AND($V$40>F71,NOT(G71="")),I71,"") -> #N/A | L71: =IF(G71="",L70,F71*$V$6*(100/$V$5)) | M71: =IF(G71="",M70,(F71-$F$5)/G71) -> 1 | R71: =IF(F71="","",(F71-(E71*$V$71+$V$72))*100/(MAX($F$5:$F$105)*0.9)) | U71: 기울기 | V71: =(MATCH(MAX(G5:G105),G5:G105)*SUMPRODUCT(E5:E105,F5:F105)-SUM(E5:E105)*SUM(F5:F105))/(MATCH(MAX(G5:G105),G5:G105)*SUMSQ(E5:E105) - SUM(E5:E105)^2) -> #N/A
E72: =IF(F72="","",E71+1) | F72: =IF(G72="","",B72) | G72: =IF(SUM($H$5:H71)<1,C72,"") | H72: =IF(MAX($C$5:$C$105)=C72,1,"") -> 1 | I72: =C72^2-$C$5^2 -> 0 | J72: =IF(AND($V$40>F72,NOT(G72="")),F72,"") -> #N/A | K72: =IF(AND($V$40>F72,NOT(G72="")),I72,"") -> #N/A | L72: =IF(G72="",L71,F72*$V$6*(100/$V$5)) | M72: =IF(G72="",M71,(F72-$F$5)/G72) -> 1 | R72: =IF(F72="","",(F72-(E72*$V$71+$V$72))*100/(MAX($F$5:$F$105)*0.9)) | U72: 오프셋 | V72: =(SUM(F5:F105)*SUMSQ(E5:E105) - SUM(E5:E105)*SUMPRODUCT(E5:E105,F5:F105))/( MATCH(MAX(E5:E105),E5:E105)*SUMSQ(E5:E105) - SUM(E5:E105)^2) -> #DIV/0!
E73: =IF(F73="","",E72+1) | F73: =IF(G73="","",B73) | G73: =IF(SUM($H$5:H72)<1,C73,"") | H73: =IF(MAX($C$5:$C$105)=C73,1,"") -> 1 | I73: =C73^2-$C$5^2 -> 0 | J73: =IF(AND($V$40>F73,NOT(G73="")),F73,"") -> #N/A | K73: =IF(AND($V$40>F73,NOT(G73="")),I73,"") -> #N/A | L73: =IF(G73="",L72,F73*$V$6*(100/$V$5)) | M73: =IF(G73="",M72,(F73-$F$5)/G73) -> 1 | R73: =IF(F73="","",(F73-(E73*$V$71+$V$72))*100/(MAX($F$5:$F$105)*0.9)) | U73: 선형성 에러(%) | V73: =(MAX(R5:R105)-MIN(R5:R105))/2 -> 0
E74: =IF(F74="","",E73+1) | F74: =IF(G74="","",B74) | G74: =IF(SUM($H$5:H73)<1,C74,"") | H74: =IF(MAX($C$5:$C$105)=C74,1,"") -> 1 | I74: =C74^2-$C$5^2 -> 0 | J74: =IF(AND($V$40>F74,NOT(G74="")),F74,"") -> #N/A | K74: =IF(AND($V$40>F74,NOT(G74="")),I74,"") -> #N/A | L74: =IF(G74="",L73,F74*$V$6*(100/$V$5)) | M74: =IF(G74="",M73,(F74-$F$5)/G74) -> 1 | R74: =IF(F74="","",(F74-(E74*$V$71+$V$72))*100/(MAX($F$5:$F$105)*0.9))
E75: =IF(F75="","",E74+1) | F75: =IF(G75="","",B75) | G75: =IF(SUM($H$5:H74)<1,C75,"") | H75: =IF(MAX($C$5:$C$105)=C75,1,"") -> 1 | I75: =C75^2-$C$5^2 -> 0 | J75: =IF(AND($V$40>F75,NOT(G75="")),F75,"") -> #N/A | K75: =IF(AND($V$40>F75,NOT(G75="")),I75,"") -> #N/A | L75: =IF(G75="",L74,F75*$V$6*(100/$V$5)) | M75: =IF(G75="",M74,(F75-$F$5)/G75) -> 1 | R75: =IF(F75="","",(F75-(E75*$V$71+$V$72))*100/(MAX($F$5:$F$105)*0.9)) | U75: fit | V75: 0 | W75: =V72 -> #DIV/0!
E76: =IF(F76="","",E75+1) | F76: =IF(G76="","",B76) | G76: =IF(SUM($H$5:H75)<1,C76,"") | H76: =IF(MAX($C$5:$C$105)=C76,1,"") -> 1 | I76: =C76^2-$C$5^2 -> 0 | J76: =IF(AND($V$40>F76,NOT(G76="")),F76,"") -> #N/A | K76: =IF(AND($V$40>F76,NOT(G76="")),I76,"") -> #N/A | L76: =IF(G76="",L75,F76*$V$6*(100/$V$5)) | M76: =IF(G76="",M75,(F76-$F$5)/G76) -> 1 | R76: =IF(F76="","",(F76-(E76*$V$71+$V$72))*100/(MAX($F$5:$F$105)*0.9)) | V76: =MAX(L5:L105) -> 0 | W76: =V71*MAX(E5:E105)+V75 -> #N/A
E77: =IF(F77="","",E76+1) | F77: =IF(G77="","",B77) | G77: =IF(SUM($H$5:H76)<1,C77,"") | H77: =IF(MAX($C$5:$C$105)=C77,1,"") -> 1 | I77: =C77^2-$C$5^2 -> 0 | J77: =IF(AND($V$40>F77,NOT(G77="")),F77,"") -> #N/A | K77: =IF(AND($V$40>F77,NOT(G77="")),I77,"") -> #N/A | L77: =IF(G77="",L76,F77*$V$6*(100/$V$5)) | M77: =IF(G77="",M76,(F77-$F$5)/G77) -> 1 | R77: =IF(F77="","",(F77-(E77*$V$71+$V$72))*100/(MAX($F$5:$F$105)*0.9))
E78: =IF(F78="","",E77+1) | F78: =IF(G78="","",B78) | G78: =IF(SUM($H$5:H77)<1,C78,"") | H78: =IF(MAX($C$5:$C$105)=C78,1,"") -> 1 | I78: =C78^2-$C$5^2 -> 0 | J78: =IF(AND($V$40>F78,NOT(G78="")),F78,"") -> #N/A | K78: =IF(AND($V$40>F78,NOT(G78="")),I78,"") -> #N/A | L78: =IF(G78="",L77,F78*$V$6*(100/$V$5)) | M78: =IF(G78="",M77,(F78-$F$5)/G78) -> 1 | R78: =IF(F78="","",(F78-(E78*$V$71+$V$72))*100/(MAX($F$5:$F$105)*0.9))
E79: =IF(F79="","",E78+1) | F79: =IF(G79="","",B79) | G79: =IF(SUM($H$5:H78)<1,C79,"") | H79: =IF(MAX($C$5:$C$105)=C79,1,"") -> 1 | I79: =C79^2-$C$5^2 -> 0 | J79: =IF(AND($V$40>F79,NOT(G79="")),F79,"") -> #N/A | K79: =IF(AND($V$40>F79,NOT(G79="")),I79,"") -> #N/A | L79: =IF(G79="",L78,F79*$V$6*(100/$V$5)) | M79: =IF(G79="",M78,(F79-$F$5)/G79) -> 1 | R79: =IF(F79="","",(F79-(E79*$V$71+$V$72))*100/(MAX($F$5:$F$105)*0.9))
E80: =IF(F80="","",E79+1) | F80: =IF(G80="","",B80) | G80: =IF(SUM($H$5:H79)<1,C80,"") | H80: =IF(MAX($C$5:$C$105)=C80,1,"") -> 1 | I80: =C80^2-$C$5^2 -> 0 | J80: =IF(AND($V$40>F80,NOT(G80="")),F80,"") -> #N/A | K80: =IF(AND($V$40>F80,NOT(G80="")),I80,"") -> #N/A | L80: =IF(G80="",L79,F80*$V$6*(100/$V$5)) | M80: =IF(G80="",M79,(F80-$F$5)/G80) -> 1 | R80: =IF(F80="","",(F80-(E80*$V$71+$V$72))*100/(MAX($F$5:$F$105)*0.9))
E81: =IF(F81="","",E80+1) | F81: =IF(G81="","",B81) | G81: =IF(SUM($H$5:H80)<1,C81,"") | H81: =IF(MAX($C$5:$C$105)=C81,1,"") -> 1 | I81: =C81^2-$C$5^2 -> 0 | J81: =IF(AND($V$40>F81,NOT(G81="")),F81,"") -> #N/A | K81: =IF(AND($V$40>F81,NOT(G81="")),I81,"") -> #N/A | L81: =IF(G81="",L80,F81*$V$6*(100/$V$5)) | M81: =IF(G81="",M80,(F81-$F$5)/G81) -> 1 | R81: =IF(F81="","",(F81-(E81*$V$71+$V$72))*100/(MAX($F$5:$F$105)*0.9))
E82: =IF(F82="","",E81+1) | F82: =IF(G82="","",B82) | G82: =IF(SUM($H$5:H81)<1,C82,"") | H82: =IF(MAX($C$5:$C$105)=C82,1,"") -> 1 | I82: =C82^2-$C$5^2 -> 0 | J82: =IF(AND($V$40>F82,NOT(G82="")),F82,"") -> #N/A | K82: =IF(AND($V$40>F82,NOT(G82="")),I82,"") -> #N/A | L82: =IF(G82="",L81,F82*$V$6*(100/$V$5)) | M82: =IF(G82="",M81,(F82-$F$5)/G82) -> 1 | R82: =IF(F82="","",(F82-(E82*$V$71+$V$72))*100/(MAX($F$5:$F$105)*0.9))
E83: =IF(F83="","",E82+1) | F83: =IF(G83="","",B83) | G83: =IF(SUM($H$5:H82)<1,C83,"") | H83: =IF(MAX($C$5:$C$105)=C83,1,"") -> 1 | I83: =C83^2-$C$5^2 -> 0 | J83: =IF(AND($V$40>F83,NOT(G83="")),F83,"") -> #N/A | K83: =IF(AND($V$40>F83,NOT(G83="")),I83,"") -> #N/A | L83: =IF(G83="",L82,F83*$V$6*(100/$V$5)) | M83: =IF(G83="",M82,(F83-$F$5)/G83) -> 1 | R83: =IF(F83="","",(F83-(E83*$V$71+$V$72))*100/(MAX($F$5:$F$105)*0.9))
E84: =IF(F84="","",E83+1) | F84: =IF(G84="","",B84) | G84: =IF(SUM($H$5:H83)<1,C84,"") | H84: =IF(MAX($C$5:$C$105)=C84,1,"") -> 1 | I84: =C84^2-$C$5^2 -> 0 | J84: =IF(AND($V$40>F84,NOT(G84="")),F84,"") -> #N/A | K84: =IF(AND($V$40>F84,NOT(G84="")),I84,"") -> #N/A | L84: =IF(G84="",L83,F84*$V$6*(100/$V$5)) | M84: =IF(G84="",M83,(F84-$F$5)/G84) -> 1 | R84: =IF(F84="","",(F84-(E84*$V$71+$V$72))*100/(MAX($F$5:$F$105)*0.9))
E85: =IF(F85="","",E84+1) | F85: =IF(G85="","",B85) | G85: =IF(SUM($H$5:H84)<1,C85,"") | H85: =IF(MAX($C$5:$C$105)=C85,1,"") -> 1 | I85: =C85^2-$C$5^2 -> 0 | J85: =IF(AND($V$40>F85,NOT(G85="")),F85,"") -> #N/A | K85: =IF(AND($V$40>F85,NOT(G85="")),I85,"") -> #N/A | L85: =IF(G85="",L84,F85*$V$6*(100/$V$5)) | M85: =IF(G85="",M84,(F85-$F$5)/G85) -> 1 | R85: =IF(F85="","",(F85-(E85*$V$71+$V$72))*100/(MAX($F$5:$F$105)*0.9))
E86: =IF(F86="","",E85+1) | F86: =IF(G86="","",B86) | G86: =IF(SUM($H$5:H85)<1,C86,"") | H86: =IF(MAX($C$5:$C$105)=C86,1,"") -> 1 | I86: =C86^2-$C$5^2 -> 0 | J86: =IF(AND($V$40>F86,NOT(G86="")),F86,"") -> #N/A | K86: =IF(AND($V$40>F86,NOT(G86="")),I86,"") -> #N/A | L86: =IF(G86="",L85,F86*$V$6*(100/$V$5)) | M86: =IF(G86="",M85,(F86-$F$5)/G86) -> 1 | R86: =IF(F86="","",(F86-(E86*$V$71+$V$72))*100/(MAX($F$5:$F$105)*0.9))
E87: =IF(F87="","",E86+1) | F87: =IF(G87="","",B87) | G87: =IF(SUM($H$5:H86)<1,C87,"") | H87: =IF(MAX($C$5:$C$105)=C87,1,"") -> 1 | I87: =C87^2-$C$5^2 -> 0 | J87: =IF(AND($V$40>F87,NOT(G87="")),F87,"") -> #N/A | K87: =IF(AND($V$40>F87,NOT(G87="")),I87,"") -> #N/A | L87: =IF(G87="",L86,F87*$V$6*(100/$V$5)) | M87: =IF(G87="",M86,(F87-$F$5)/G87) -> 1 | R87: =IF(F87="","",(F87-(E87*$V$71+$V$72))*100/(MAX($F$5:$F$105)*0.9))
E88: =IF(F88="","",E87+1) | F88: =IF(G88="","",B88) | G88: =IF(SUM($H$5:H87)<1,C88,"") | H88: =IF(MAX($C$5:$C$105)=C88,1,"") -> 1 | I88: =C88^2-$C$5^2 -> 0 | J88: =IF(AND($V$40>F88,NOT(G88="")),F88,"") -> #N/A | K88: =IF(AND($V$40>F88,NOT(G88="")),I88,"") -> #N/A | L88: =IF(G88="",L87,F88*$V$6*(100/$V$5)) | M88: =IF(G88="",M87,(F88-$F$5)/G88) -> 1 | R88: =IF(F88="","",(F88-(E88*$V$71+$V$72))*100/(MAX($F$5:$F$105)*0.9))
... E105: =IF(F105="","",E104+1) | F105: =IF(G105="","",B105) | G105: =IF(SUM($H$5:H104)<1,C105,"") | H105: =IF(MAX($C$5:$C$105)=C105,1,"") -> 1 | I105: =C105^2-$C$5^2 -> 0 | J105: =IF(AND($V$40>F105,NOT(G105="")),F105,"") -> #N/A | K105: =IF(AND($V$40>F105,NOT(G105="")),I105,"") -> #N/A | L105: =IF(G105="",L104,F105*$V$6*(100/$V$5)) | M105: =IF(G105="",M104,(F105-$F$5)/G105) -> 1 | R105: =IF(F105="","",(F105-(E105*$V$71+$V$72))*100/(MAX($F$5:$F$105)*0.9))

Sheet Linearity Data(Exposure)
A2: Input Data | E2: Output
A3: Exp/ Light Level | B3: Gray Value (uy-Uy.dark) | C3: Temporal STD | D3: Total STD | E3: Index | F3: Gray Value (uy-Uy.dark) | G3: STD | H3: STD CHK | I3: Variance gray | J3: Variance Fit | L3: photons | M3: SNR(linear) | R3: Linearity Error(%)
H4: STD CHK | J4: GrayValue | K4: Variance slop | O4: SNR Db
A5: 0.1 | B5: 1.5 | E5: 0 | F5: =IF(G5="","",B5) | G5: =IF(SUM($H4:H$5)<1,C5,"") | H5: =IF(MAX($C$5:$C$105)=C5,1,"") -> 1 | I5: =C5^2-$C$5^2 -> 0 | J5: =IF(AND($V$40>F5,NOT(G5="")),F5,"") -> #N/A | K5: =IF(AND($V$40>F5,NOT(G5="")),I5,"") -> #N/A | L5: =IF(G5="","",G5*$V$6*(100/$V$5)) | M5: 1 | N5: 1 | O5: =LOG10(M5)*20 -> 0 | P5: 0 | Q5: =LOG10(M5)*20 -> 0 | R5: =IF(F5="","",(F5-(E5*$V$71+$V$72))*100/(MAX($F$5:$F$105)*0.9)) | U5: Quamtum Eppiciency | V5: 88.4
A6: 0.2 | B6: 1.8 | E6: =IF(F6="","",E5+1) | F6: =IF(G6="","",B6) | G6: =IF(SUM($H5:H$5)<1,C6,"") | H6: =IF(MAX($C$5:$C$105)=C6,1,"") -> 1 | I6: =C6^2-$C$5^2 -> 0 | J6: =IF(AND($V$40>F6,NOT(G6="")),F6,"") -> #N/A | K6: =IF(AND($V$40>F6,NOT(G6="")),I6,"") -> #N/A | L6: =IF(G6="",L5,F6*$V$6*(100/$V$5)) | M6: =IF(G6="",M5,(F6-$F$5)/G6) -> 1 | N6: =IF(G6="",M5,(F6-$F$5)/D6) -> 1 | O6: =LOG10(M6)*20 -> 0 | P6: =LOG10(N6)*20 -> 0 | R6: =IF(F6="","",(F6-(E6*$V$71+$V$72))*100/(MAX($F$5:$F$105)*0.9)) | U6: System Gain | V6: =1/((MATCH(MAX(K5:K105),K5:K105)*SUMPRODUCT(J5:J105,K5:K105)-SUM(J5:J105)*SUM(K5:K105))/(MATCH(MAX(K5:K105),K5:K105)*SUMSQ(J5:J105) - SUM(J5:J105)^2)) -> #N/A
A7: 0.3 | B7: 2.1 | E7: =IF(F7="","",E6+1) | F7: =IF(G7="","",B7) | G7: =IF(SUM($H$5:H6)<1,C7,"") | H7: =IF(MAX($C$5:$C$105)=C7,1,"") -> 1 | I7: =C7^2-$C$5^2 -> 0 | J7: =IF(AND($V$40>F7,NOT(G7="")),F7,"") -> #N/A | K7: =IF(AND($V$40>F7,NOT(G7="")),I7,"") -> #N/A | L7: =IF(G7="",L6,F7*$V$6*(100/$V$5)) | M7: =IF(G7="",M6,(F7-$F$5)/G7) -> 1 | N7: =IF(G7="",M6,(F7-$F$5)/D7) -> 1 | O7: =LOG10(M7)*20 -> 0 | P7: =LOG10(N7)*20 -> 0 | R7: =IF(F7="","",(F7-(E7*$V$71+$V$72))*100/(MAX($F$5:$F$105)*0.9))
A8: 0.4 | B8: 2.4 | E8: =IF(F8="","",E7+1) | F8: =IF(G8="","",B8) | G8: =IF(SUM($H$5:H7)<1,C8,"") | H8: =IF(MAX($C$5:$C$105)=C8,1,"") -> 1 | I8: =C8^2-$C$5^2 -> 0 | J8: =IF(AND($V$40>F8,NOT(G8="")),F8,"") -> #N/A | K8: =IF(AND($V$40>F8,NOT(G8="")),I8,"") -> #N/A | L8: =IF(G8="",L7,F8*$V$6*(100/$V$5)) | M8: =IF(G8="",M7,(F8-$F$5)/G8) -> 1 | N8: =IF(G8="",M7,(F8-$F$5)/D8) -> 1 | O8: =LOG10(M8)*20 -> 0 | P8: =LOG10(N8)*20 -> 0 | R8: =IF(F8="","",(F8-(E8*$V$71+$V$72))*100/(MAX($F$5:$F$105)*0.9))
A9: 0.5 | B9: 2.7 | E9: =IF(F9="","",E8+1) | F9: =IF(G9="","",B9) | G9: =IF(SUM($H$5:H8)<1,C9,"") | H9: =IF(MAX($C$5:$C$105)=C9,1,"") -> 1 | I9: =C9^2-$C$5^2 -> 0 | J9: =IF(AND($V$40>F9,NOT(G9="")),F9,"") -> #N/A | K9: =IF(AND($V$40>F9,NOT(G9="")),I9,"") -> #N/A | L9: =IF(G9="",L8,F9*$V$6*(100/$V$5)) | M9: =IF(G9="",M8,(F9-$F$5)/G9) -> 1 | N9: =IF(G9="",M8,(F9-$F$5)/D9) -> 1 | O9: =LOG10(M9)*20 -> 0 | P9: =LOG10(N9)*20 -> 0 | R9: =IF(F9="","",(F9-(E9*$V$71+$V$72))*100/(MAX($F$5:$F$105)*0.9))
A10: 0.6 | B10: 3 | E10: =IF(F10="","",E9+1) | F10: =IF(G10="","",B10) | G10: =IF(SUM($H$5:H9)<1,C10,"") | H10: =IF(MAX($C$5:$C$105)=C10,1,"") -> 1 | I10: =C10^2-$C$5^2 -> 0 | J10: =IF(AND($V$40>F10,NOT(G10="")),F10,"") -> #N/A | K10: =IF(AND($V$40>F10,NOT(G10="")),I10,"") -> #N/A | L10: =IF(G10="",L9,F10*$V$6*(100/$V$5)) | M10: =IF(G10="",M9,(F10-$F$5)/G10) -> 1 | N10: =IF(G10="",M9,(F10-$F$5)/D10) -> 1 | O10: =LOG10(M10)*20 -> 0 | P10: =LOG10(N10)*20 -> 0 | R10: =IF(F10="","",(F10-(E10*$V$71+$V$72))*100/(MAX($F$5:$F$105)*0.9)) | U10: DSNU1288 | V10: =SQRT(V13)*V6 -> #N/A | W10: e-
A11: 0.7 | B11: 3.3 | E11: =IF(F11="","",E10+1) | F11: =IF(G11="","",B11) | G11: =IF(SUM($H$5:H10)<1,C11,"") | H11: =IF(MAX($C$5:$C$105)=C11,1,"") -> 1 | I11: =C11^2-$C$5^2 -> 0 | J11: =IF(AND($V$40>F11,NOT(G11="")),F11,"") -> #N/A | K11: =IF(AND($V$40>F11,NOT(G11="")),I11,"") -> #N/A | L11: =IF(G11="",L10,F11*$V$6*(100/$V$5)) | M11: =IF(G11="",M10,(F11-$F$5)/G11) -> 1 | N11: =IF(G11="",M10,(F11-$F$5)/D11) -> 1 | O11: =LOG10(M11)*20 -> 0 | P11: =LOG10(N11)*20 -> 0 | R11: =IF(F11="","",(F11-(E11*$V$71+$V$72))*100/(MAX($F$5:$F$105)*0.9)) | U11: PRNU1288 | V11: =SQRT(V14-V13)*100/(V15-V16) -> #N/A | W11: %
A12: 0.8 | B12: 3.6 | E12: =IF(F12="","",E11+1) | F12: =IF(G12="","",B12) | G12: =IF(SUM($H$5:H11)<1,C12,"") | H12: =IF(MAX($C$5:$C$105)=C12,1,"") -> 1 | I12: =C12^2-$C$5^2 -> 0 | J12: =IF(AND($V$40>F12,NOT(G12="")),F12,"") -> #N/A | K12: =IF(AND($V$40>F12,NOT(G12="")),I12,"") -> #N/A | L12: =IF(G12="",L11,F12*$V$6*(100/$V$5)) | M12: =IF(G12="",M11,(F12-$F$5)/G12) -> 1 | N12: =IF(G12="",M11,(F12-$F$5)/D12) -> 1 | O12: =LOG10(M12)*20 -> 0 | P12: =LOG10(N12)*20 -> 0 | R12: =IF(F12="","",(F12-(E12*$V$71+$V$72))*100/(MAX($F$5:$F$105)*0.9))
A13: 0.9 | B13: 3.9 | E13: =IF(F13="","",E12+1) | F13: =IF(G13="","",B13) | G13: =IF(SUM($H$5:H12)<1,C13,"") | H13: =IF(MAX($C$5:$C$105)=C13,1,"") -> 1 | I13: =C13^2-$C$5^2 -> 0 | J13: =IF(AND($V$40>F13,NOT(G13="")),F13,"") -> #N/A | K13: =IF(AND($V$40>F13,NOT(G13="")),I13,"") -> #N/A | L13: =IF(G13="",L12,F13*$V$6*(100/$V$5)) | M13: =IF(G13="",M12,(F13-$F$5)/G13) -> 1 | N13: =IF(G13="",M12,(F13-$F$5)/D13) -> 1 | O13: =LOG10(M13)*20 -> 0 | P13: =LOG10(N13)*20 -> 0 | R13: =IF(F13="","",(F13-(E13*$V$71+$V$72))*100/(MAX($F$5:$F$105)*0.9)) | U13: Sy.dark^2 | V13: =D5^2-C5^2 -> 0
A14: 1 | B14: 4.2 | E14: =IF(F14="","",E13+1) | F14: =IF(G14="","",B14) | G14: =IF(SUM($H$5:H13)<1,C14,"") | H14: =IF(MAX($C$5:$C$105)=C14,1,"") -> 1 | I14: =C14^2-$C$5^2 -> 0 | J14: =IF(AND($V$40>F14,NOT(G14="")),F14,"") -> #N/A | K14: =IF(AND($V$40>F14,NOT(G14="")),I14,"") -> #N/A | L14: =IF(G14="",L13,F14*$V$6*(100/$V$5)) | M14: =IF(G14="",M13,(F14-$F$5)/G14) -> 1 | N14: =IF(G14="",M13,(F14-$F$5)/D14) -> 1 | O14: =LOG10(M14)*20 -> 0 | P14: =LOG10(N14)*20 -> 0 | R14: =IF(F14="","",(F14-(E14*$V$71+$V$72))*100/(MAX($F$5:$F$105)*0.9)) | U14: Sy.50^2 | V14: =INDEX(D5:D105,(MATCH(MAX(F5:F105),F5:F105,0))*0.5,0)^2-INDEX(C5:C105,(MATCH(MAX(F5:F105),F5:F105,0))*0.5,0)^2 -> #N/A
E15: =IF(F15="","",E14+1) | F15: =IF(G15="","",B15) | G15: =IF(SUM($H$5:H14)<1,C15,"") | H15: =IF(MAX($C$5:$C$105)=C15,1,"") -> 1 | I15: =C15^2-$C$5^2 -> 0 | J15: =IF(AND($V$40>F15,NOT(G15="")),F15,"") -> #N/A | K15: =IF(AND($V$40>F15,NOT(G15="")),I15,"") -> #N/A | L15: =IF(G15="",L14,F15*$V$6*(100/$V$5)) | M15: =IF(G15="",M14,(F15-$F$5)/G15) -> 1 | N15: =IF(G15="",M14,(F15-$F$5)/D15) -> 1 | O15: =LOG10(M15)*20 -> 0 | P15: =LOG10(N15)*20 -> 0 | R15: =IF(F15="","",(F15-(E15*$V$71+$V$72))*100/(MAX($F$5:$F$105)*0.9)) | U15: uy.50 | V15: =INDEX(B5:B105,(MATCH(MAX(F5:F105),F5:F105,0))*0.5,0) -> #N/A
E16: =IF(F16="","",E15+1) | F16: =IF(G16="","",B16) | G16: =IF(SUM($H$5:H15)<1,C16,"") | H16: =IF(MAX($C$5:$C$105)=C16,1,"") -> 1 | I16: =C16^2-$C$5^2 -> 0 | J16: =IF(AND($V$40>F16,NOT(G16="")),F16,"") -> #N/A | K16: =IF(AND($V$40>F16,NOT(G16="")),I16,"") -> #N/A | L16: =IF(G16="",L15,F16*$V$6*(100/$V$5)) | M16: =IF(G16="",M15,(F16-$F$5)/G16) -> 1 | N16: =IF(G16="",M15,(F16-$F$5)/D16) -> 1 | O16: =LOG10(M16)*20 -> 0 | P16: =LOG10(N16)*20 -> 0 | R16: =IF(F16="","",(F16-(E16*$V$71+$V$72))*100/(MAX($F$5:$F$105)*0.9)) | U16: uy.dark | V16: =B5 -> 1.5
E17: =IF(F17="","",E16+1) | F17: =IF(G17="","",B17) | G17: =IF(SUM($H$5:H16)<1,C17,"") | H17: =IF(MAX($C$5:$C$105)=C17,1,"") -> 1 | I17: =C17^2-$C$5^2 -> 0 | J17: =IF(AND($V$40>F17,NOT(G17="")),F17,"") -> #N/A | K17: =IF(AND($V$40>F17,NOT(G17="")),I17,"") -> #N/A | L17: =IF(G17="",L16,F17*$V$6*(100/$V$5)) | M17: =IF(G17="",M16,(F17-$F$5)/G17) -> 1 | N17: =IF(G17="",M16,(F17-$F$5)/D17) -> 1 | O17: =LOG10(M17)*20 -> 0 | P17: =LOG10(N17)*20 -> 0 | R17: =IF(F17="","",(F17-(E17*$V$71+$V$72))*100/(MAX($F$5:$F$105)*0.9)) | U17: Dark Current Slope | V17: =((MATCH(MAX(B5:B105),B5:B105)*SUMPRODUCT(A5:A105,B5:B105)-SUM(A5:A105)*SUM(B5:B105))/(MATCH(MAX(B5:B105),B5:B105)*SUMSQ(A5:A105) - SUM(A5:A105)^2)) -> 3
E18: =IF(F18="","",E17+1) | F18: =IF(G18="","",B18) | G18: =IF(SUM($H$5:H17)<1,C18,"") | H18: =IF(MAX($C$5:$C$105)=C18,1,"") -> 1 | I18: =C18^2-$C$5^2 -> 0 | J18: =IF(AND($V$40>F18,NOT(G18="")),F18,"") -> #N/A | K18: =IF(AND($V$40>F18,NOT(G18="")),I18,"") -> #N/A | L18: =IF(G18="",L17,F18*$V$6*(100/$V$5)) | M18: =IF(G18="",M17,(F18-$F$5)/G18) -> 1 | N18: =IF(G18="",M17,(F18-$F$5)/D18) -> 1 | O18: =LOG10(M18)*20 -> 0 | P18: =LOG10(N18)*20 -> 0 | R18: =IF(F18="","",(F18-(E18*$V$71+$V$72))*100/(MAX($F$5:$F$105)*0.9)) | U18: Dark Current | V18: =V17*'Linearity Data'!V6 -> #N/A | W18: DN/s
E19: =IF(F19="","",E18+1) | F19: =IF(G19="","",B19) | G19: =IF(SUM($H$5:H18)<1,C19,"") | H19: =IF(MAX($C$5:$C$105)=C19,1,"") -> 1 | I19: =C19^2-$C$5^2 -> 0 | J19: =IF(AND($V$40>F19,NOT(G19="")),F19,"") -> #N/A | K19: =IF(AND($V$40>F19,NOT(G19="")),I19,"") -> #N/A | L19: =IF(G19="",L18,F19*$V$6*(100/$V$5)) | M19: =IF(G19="",M18,(F19-$F$5)/G19) -> 1 | N19: =IF(G19="",M18,(F19-$F$5)/D19) -> 1 | O19: =LOG10(M19)*20 -> 0 | P19: =LOG10(N19)*20 -> 0 | R19: =IF(F19="","",(F19-(E19*$V$71+$V$72))*100/(MAX($F$5:$F$105)*0.9))
E20: =IF(F20="","",E19+1) | F20: =IF(G20="","",B20) | G20: =IF(SUM($H$5:H19)<1,C20,"") | H20: =IF(MAX($C$5:$C$105)=C20,1,"") -> 1 | I20: =C20^2-$C$5^2 -> 0 | J20: =IF(AND($V$40>F20,NOT(G20="")),F20,"") -> #N/A | K20: =IF(AND($V$40>F20,NOT(G20="")),I20,"") -> #N/A | L20: =IF(G20="",L19,F20*$V$6*(100/$V$5)) | M20: =IF(G20="",M19,(F20-$F$5)/G20) -> 1 | N20: =IF(G20="",M19,(F20-$F$5)/D20) -> 1 | O20: =LOG10(M20)*20 -> 0 | P20: =LOG10(N20)*20 -> 0 | R20: =IF(F20="","",(F20-(E20*$V$71+$V$72))*100/(MAX($F$5:$F$105)*0.9))
E21: =IF(F21="","",E20+1) | F21: =IF(G21="","",B21) | G21: =IF(SUM($H$5:H20)<1,C21,"") | H21: =IF(MAX($C$5:$C$105)=C21,1,"") -> 1 | I21: =C21^2-$C$5^2 -> 0 | J21: =IF(AND($V$40>F21,NOT(G21="")),F21,"") -> #N/A | K21: =IF(AND($V$40>F21,NOT(G21="")),I21,"") -> #N/A | L21: =IF(G21="",L20,F21*$V$6*(100/$V$5)) | M21: =IF(G21="",M20,(F21-$F$5)/G21) -> 1 | N21: =IF(G21="",M20,(F21-$F$5)/D21) -> 1 | O21: =LOG10(M21)*20 -> 0 | P21: =LOG10(N21)*20 -> 0 | R21: =IF(F21="","",(F21-(E21*$V$71+$V$72))*100/(MAX($F$5:$F$105)*0.9))
E22: =IF(F22="","",E21+1) | F22: =IF(G22="","",B22) | G22: =IF(SUM($H$5:H21)<1,C22,"") | H22: =IF(MAX($C$5:$C$105)=C22,1,"") -> 1 | I22: =C22^2-$C$5^2 -> 0 | J22: =IF(AND($V$40>F22,NOT(G22="")),F22,"") -> #N/A | K22: =IF(AND($V$40>F22,NOT(G22="")),I22,"") -> #N/A | L22: =IF(G22="",L21,F22*$V$6*(100/$V$5)) | M22: =IF(G22="",M21,(F22-$F$5)/G22) -> 1 | N22: =IF(G22="",M21,(F22-$F$5)/D22) -> 1 | O22: =LOG10(M22)*20 -> 0 | P22: =LOG10(N22)*20 -> 0 | R22: =IF(F22="","",(F22-(E22*$V$71+$V$72))*100/(MAX($F$5:$F$105)*0.9))
E23: =IF(F23="","",E22+1) | F23: =IF(G23="","",B23) | G23: =IF(SUM($H$5:H22)<1,C23,"") | H23: =IF(MAX($C$5:$C$105)=C23,1,"") -> 1 | I23: =C23^2-$C$5^2 -> 0 | J23: =IF(AND($V$40>F23,NOT(G23="")),F23,"") -> #N/A | K23: =IF(AND($V$40>F23,NOT(G23="")),I23,"") -> #N/A | L23: =IF(G23="",L22,F23*$V$6*(100/$V$5)) | M23: =IF(G23="",M22,(F23-$F$5)/G23) -> 1 | N23: =IF(G23="",M22,(F23-$F$5)/D23) -> 1 | O23: =LOG10(M23)*20 -> 0 | P23: =LOG10(N23)*20 -> 0 | R23: =IF(F23="","",(F23-(E23*$V$71+$V$72))*100/(MAX($F$5:$F$105)*0.9))
E24: =IF(F24="","",E23+1) | F24: =IF(G24="","",B24) | G24: =IF(SUM($H$5:H23)<1,C24,"") | H24: =IF(MAX($C$5:$C$105)=C24,1,"") -> 1 | I24: =C24^2-$C$5^2 -> 0 | J24: =IF(AND($V$40>F24,NOT(G24="")),F24,"") -> #N/A | K24: =IF(AND($V$40>F24,NOT(G24="")),I24,"") -> #N/A | L24: =IF(G24="",L23,F24*$V$6*(100/$V$5)) | M24: =IF(G24="",M23,(F24-$F$5)/G24) -> 1 | R24: =IF(F24="","",(F24-(E24*$V$71+$V$72))*100/(MAX($F$5:$F$105)*0.9)) | U24: 항목 | V24: photon | W24: ratio
E25: =IF(F25="","",E24+1) | F25: =IF(G25="","",B25) | G25: =IF(SUM($H$5:H24)<1,C25,"") | H25: =IF(MAX($C$5:$C$105)=C25,1,"") -> 1 | I25: =C25^2-$C$5^2 -> 0 | J25: =IF(AND($V$40>F25,NOT(G25="")),F25,"") -> #N/A | K25: =IF(AND($V$40>F25,NOT(G25="")),I25,"") -> #N/A | L25: =IF(G25="",L24,F25*$V$6*(100/$V$5)) | M25: =IF(G25="",M24,(F25-$F$5)/G25) -> 1 | R25: =IF(F25="","",(F25-(E25*$V$71+$V$72))*100/(MAX($F$5:$F$105)*0.9)) | U25: SNR 1 | V25: =MIN(L4:L104) -> 0 | W25: =MIN(M4:M104) -> 1
E26: =IF(F26="","",E25+1) | F26: =IF(G26="","",B26) | G26: =IF(SUM($H$5:H25)<1,C26,"") | H26: =IF(MAX($C$5:$C$105)=C26,1,"") -> 1 | I26: =C26^2-$C$5^2 -> 0 | J26: =IF(AND($V$40>F26,NOT(G26="")),F26,"") -> #N/A | K26: =IF(AND($V$40>F26,NOT(G26="")),I26,"") -> #N/A | L26: =IF(G26="",L25,F26*$V$6*(100/$V$5)) | M26: =IF(G26="",M25,(F26-$F$5)/G26) -> 1 | R26: =IF(F26="","",(F26-(E26*$V$71+$V$72))*100/(MAX($F$5:$F$105)*0.9)) | U26: SNR MAX(Saturation) | V26: =MAX(L6:L105) -> 0 | W26: =MAX(M6:M105) -> 1
E27: =IF(F27="","",E26+1) | F27: =IF(G27="","",B27) | G27: =IF(SUM($H$5:H26)<1,C27,"") | H27: =IF(MAX($C$5:$C$105)=C27,1,"") -> 1 | I27: =C27^2-$C$5^2 -> 0 | J27: =IF(AND($V$40>F27,NOT(G27="")),F27,"") -> #N/A | K27: =IF(AND($V$40>F27,NOT(G27="")),I27,"") -> #N/A | L27: =IF(G27="",L26,F27*$V$6*(100/$V$5)) | M27: =IF(G27="",M26,(F27-$F$5)/G27) -> 1 | R27: =IF(F27="","",(F27-(E27*$V$71+$V$72))*100/(MAX($F$5:$F$105)*0.9)) | U27: theor.limit | V27: 1 | W27: =SQRT(V27) -> 1
E28: =IF(F28="","",E27+1) | F28: =IF(G28="","",B28) | G28: =IF(SUM($H$5:H27)<1,C28,"") | H28: =IF(MAX($C$5:$C$105)=C28,1,"") -> 1 | I28: =C28^2-$C$5^2 -> 0 | J28: =IF(AND($V$40>F28,NOT(G28="")),F28,"") -> #N/A | K28: =IF(AND($V$40>F28,NOT(G28="")),I28,"") -> #N/A | L28: =IF(G28="",L27,F28*$V$6*(100/$V$5)) | M28: =IF(G28="",M27,(F28-$F$5)/G28) -> 1 | R28: =IF(F28="","",(F28-(E28*$V$71+$V$72))*100/(MAX($F$5:$F$105)*0.9)) | V28: 1000000 | W28: =SQRT(V28) -> 1000
E29: =IF(F29="","",E28+1) | F29: =IF(G29="","",B29) | G29: =IF(SUM($H$5:H28)<1,C29,"") | H29: =IF(MAX($C$5:$C$105)=C29,1,"") -> 1 | I29: =C29^2-$C$5^2 -> 0 | J29: =IF(AND($V$40>F29,NOT(G29="")),F29,"") -> #N/A | K29: =IF(AND($V$40>F29,NOT(G29="")),I29,"") -> #N/A | L29: =IF(G29="",L28,F29*$V$6*(100/$V$5)) | M29: =IF(G29="",M28,(F29-$F$5)/G29) -> 1 | R29: =IF(F29="","",(F29-(E29*$V$71+$V$72))*100/(MAX($F$5:$F$105)*0.9))
E30: =IF(F30="","",E29+1) | F30: =IF(G30="","",B30) | G30: =IF(SUM($H$5:H29)<1,C30,"") | H30: =IF(MAX($C$5:$C$105)=C30,1,"") -> 1 | I30: =C30^2-$C$5^2 -> 0 | J30: =IF(AND($V$40>F30,NOT(G30="")),F30,"") -> #N/A | K30: =IF(AND($V$40>F30,NOT(G30="")),I30,"") -> #N/A | L30: =IF(G30="",L29,F30*$V$6*(100/$V$5)) | M30: =IF(G30="",M29,(F30-$F$5)/G30) -> 1 | R30: =IF(F30="","",(F30-(E30*$V$71+$V$72))*100/(MAX($F$5:$F$105)*0.9))
E31: =IF(F31="","",E30+1) | F31: =IF(G31="","",B31) | G31: =IF(SUM($H$5:H30)<1,C31,"") | H31: =IF(MAX($C$5:$C$105)=C31,1,"") -> 1 | I31: =C31^2-$C$5^2 -> 0 | J31: =IF(AND($V$40>F31,NOT(G31="")),F31,"") -> #N/A | K31: =IF(AND($V$40>F31,NOT(G31="")),I31,"") -> #N/A | L31: =IF(G31="",L30,F31*$V$6*(100/$V$5)) | M31: =IF(G31="",M30,(F31-$F$5)/G31) -> 1 | R31: =IF(F31="","",(F31-(E31*$V$71+$V$72))*100/(MAX($F$5:$F$105)*0.9))
E32: =IF(F32="","",E31+1) | F32: =IF(G32="","",B32) | G32: =IF(SUM($H$5:H31)<1,C32,"") | H32: =IF(MAX($C$5:$C$105)=C32,1,"") -> 1 | I32: =C32^2-$C$5^2 -> 0 | J32: =IF(AND($V$40>F32,NOT(G32="")),F32,"") -> #N/A | K32: =IF(AND($V$40>F32,NOT(G32="")),I32,"") -> #N/A | L32: =IF(G32="",L31,F32*$V$6*(100/$V$5)) | M32: =IF(G32="",M31,(F32-$F$5)/G32) -> 1 | R32: =IF(F32="","",(F32-(E32*$V$71+$V$72))*100/(MAX($F$5:$F$105)*0.9))
E33: =IF(F33="","",E32+1) | F33: =IF(G33="","",B33) | G33: =IF(SUM($H$5:H32)<1,C33,"") | H33: =IF(MAX($C$5:$C$105)=C33,1,"") -> 1 | I33: =C33^2-$C$5^2 -> 0 | J33: =IF(AND($V$40>F33,NOT(G33="")),F33,"") -> #N/A | K33: =IF(AND($V$40>F33,NOT(G33="")),I33,"") -> #N/A | L33: =IF(G33="",L32,F33*$V$6*(100/$V$5)) | M33: =IF(G33="",M32,(F33-$F$5)/G33) -> 1 | R33: =IF(F33="","",(F33-(E33*$V$71+$V$72))*100/(MAX($F$5:$F$105)*0.9))
E34: =IF(F34="","",E33+1) | F34: =IF(G34="","",B34) | G34: =IF(SUM($H$5:H33)<1,C34,"") | H34: =IF(MAX($C$5:$C$105)=C34,1,"") -> 1 | I34: =C34^2-$C$5^2 -> 0 | J34: =IF(AND($V$40>F34,NOT(G34="")),F34,"") -> #N/A | K34: =IF(AND($V$40>F34,NOT(G34="")),I34,"") -> #N/A | L34: =IF(G34="",L33,F34*$V$6*(100/$V$5)) | M34: =IF(G34="",M33,(F34-$F$5)/G34) -> 1 | R34: =IF(F34="","",(F34-(E34*$V$71+$V$72))*100/(MAX($F$5:$F$105)*0.9))
E35: =IF(F35="","",E34+1) | F35: =IF(G35="","",B35) | G35: =IF(SUM($H$5:H34)<1,C35,"") | H35: =IF(MAX($C$5:$C$105)=C35,1,"") -> 1 | I35: =C35^2-$C$5^2 -> 0 | J35: =IF(AND($V$40>F35,NOT(G35="")),F35,"") -> #N/A | K35: =IF(AND($V$40>F35,NOT(G35="")),I35,"") -> #N/A | L35: =IF(G35="",L34,F35*$V$6*(100/$V$5)) | M35: =IF(G35="",M34,(F35-$F$5)/G35) -> 1 | R35: =IF(F35="","",(F35-(E35*$V$71+$V$72))*100/(MAX($F$5:$F$105)*0.9))
E36: =IF(F36="","",E35+1) | F36: =IF(G36="","",B36) | G36: =IF(SUM($H$5:H35)<1,C36,"") | H36: =IF(MAX($C$5:$C$105)=C36,1,"") -> 1 | I36: =C36^2-$C$5^2 -> 0 | J36: =IF(AND($V$40>F36,NOT(G36="")),F36,"") -> #N/A | K36: =IF(AND($V$40>F36,NOT(G36="")),I36,"") -> #N/A | L36: =IF(G36="",L35,F36*$V$6*(100/$V$5)) | M36: =IF(G36="",M35,(F36-$F$5)/G36) -> 1 | R36: =IF(F36="","",(F36-(E36*$V$71+$V$72))*100/(MAX($F$5:$F$105)*0.9))
E37: =IF(F37="","",E36+1) | F37: =IF(G37="","",B37) | G37: =IF(SUM($H$5:H36)<1,C37,"") | H37: =IF(MAX($C$5:$C$105)=C37,1,"") -> 1 | I37: =C37^2-$C$5^2 -> 0 | J37: =IF(AND($V$40>F37,NOT(G37="")),F37,"") -> #N/A | K37: =IF(AND($V$40>F37,NOT(G37="")),I37,"") -> #N/A | L37: =IF(G37="",L36,F37*$V$6*(100/$V$5)) | M37: =IF(G37="",M36,(F37-$F$5)/G37) -> 1 | R37: =IF(F37="","",(F37-(E37*$V$71+$V$72))*100/(MAX($F$5:$F$105)*0.9))
E38: =IF(F38="","",E37+1) | F38: =IF(G38="","",B38) | G38: =IF(SUM($H$5:H37)<1,C38,"") | H38: =IF(MAX($C$5:$C$105)=C38,1,"") -> 1 | I38: =C38^2-$C$5^2 -> 0 | J38: =IF(AND($V$40>F38,NOT(G38="")),F38,"") -> #N/A | K38: =IF(AND($V$40>F38,NOT(G38="")),I38,"") -> #N/A | L38: =IF(G38="",L37,F38*$V$6*(100/$V$5)) | M38: =IF(G38="",M37,(F38-$F$5)/G38) -> 1 | R38: =IF(F38="","",(F38-(E38*$V$71+$V$72))*100/(MAX($F$5:$F$105)*0.9)) | U38: 항목 | V38: X | W38: Y
E39: =IF(F39="","",E38+1) | F39: =IF(G39="","",B39) | G39: =IF(SUM($H$5:H38)<1,C39,"") | H39: =IF(MAX($C$5:$C$105)=C39,1,"") -> 1 | I39: =C39^2-$C$5^2 -> 0 | J39: =IF(AND($V$40>F39,NOT(G39="")),F39,"") -> #N/A | K39: =IF(AND($V$40>F39,NOT(G39="")),I39,"") -> #N/A | L39: =IF(G39="",L38,F39*$V$6*(100/$V$5)) | M39: =IF(G39="",M38,(F39-$F$5)/G39) -> 1 | R39: =IF(F39="","",(F39-(E39*$V$71+$V$72))*100/(MAX($F$5:$F$105)*0.9)) | U39: fit Line | V39: 0 | W39: =SQRT(V39) -> 0
E40: =IF(F40="","",E39+1) | F40: =IF(G40="","",B40) | G40: =IF(SUM($H$5:H39)<1,C40,"") | H40: =IF(MAX($C$5:$C$105)=C40,1,"") -> 1 | I40: =C40^2-$C$5^2 -> 0 | J40: =IF(AND($V$40>F40,NOT(G40="")),F40,"") -> #N/A | K40: =IF(AND($V$40>F40,NOT(G40="")),I40,"") -> #N/A | L40: =IF(G40="",L39,F40*$V$6*(100/$V$5)) | M40: =IF(G40="",M39,(F40-$F$5)/G40) -> 1 | R40: =IF(F40="","",(F40-(E40*$V$71+$V$72))*100/(MAX($F$5:$F$105)*0.9)) | V40: =INDEX(F5:F105,(MATCH(MAX(F5:F105),F5:F105,0))*0.7,0) -> #N/A | W40: =V40/V6 -> #N/A
E41: =IF(F41="","",E40+1) | F41: =IF(G41="","",B41) | G41: =IF(SUM($H$5:H40)<1,C41,"") | H41: =IF(MAX($C$5:$C$105)=C41,1,"") -> 1 | I41: =C41^2-$C$5^2 -> 0 | J41: =IF(AND($V$40>F41,NOT(G41="")),F41,"") -> #N/A | K41: =IF(AND($V$40>F41,NOT(G41="")),I41,"") -> #N/A | L41: =IF(G41="",L40,F41*$V$6*(100/$V$5)) | M41: =IF(G41="",M40,(F41-$F$5)/G41) -> 1 | R41: =IF(F41="","",(F41-(E41*$V$71+$V$72))*100/(MAX($F$5:$F$105)*0.9)) | U41: Saturation Line | V41: =MAX(F5:F103) -> 0 | W41: =(MAX(C5:C103))^2 -> 0
E42: =IF(F42="","",E41+1) | F42: =IF(G42="","",B42) | G42: =IF(SUM($H$5:H41)<1,C42,"") | H42: =IF(MAX($C$5:$C$105)=C42,1,"") -> 1 | I42: =C42^2-$C$5^2 -> 0 | J42: =IF(AND($V$40>F42,NOT(G42="")),F42,"") -> #N/A | K42: =IF(AND($V$40>F42,NOT(G42="")),I42,"") -> #N/A | L42: =IF(G42="",L41,F42*$V$6*(100/$V$5)) | M42: =IF(G42="",M41,(F42-$F$5)/G42) -> 1 | R42: =IF(F42="","",(F42-(E42*$V$71+$V$72))*100/(MAX($F$5:$F$105)*0.9)) | V42: =MAX(F5:F103) -> 0 | W42: -1000
E43: =IF(F43="","",E42+1) | F43: =IF(G43="","",B43) | G43: =IF(SUM($H$5:H42)<1,C43,"") | H43: =IF(MAX($C$5:$C$105)=C43,1,"") -> 1 | I43: =C43^2-$C$5^2 -> 0 | J43: =IF(AND($V$40>F43,NOT(G43="")),F43,"") -> #N/A | K43: =IF(AND($V$40>F43,NOT(G43="")),I43,"") -> #N/A | L43: =IF(G43="",L42,F43*$V$6*(100/$V$5)) | M43: =IF(G43="",M42,(F43-$F$5)/G43) -> 1 | R43: =IF(F43="","",(F43-(E43*$V$71+$V$72))*100/(MAX($F$5:$F$105)*0.9))
E44: =IF(F44="","",E43+1) | F44: =IF(G44="","",B44) | G44: =IF(SUM($H$5:H43)<1,C44,"") | H44: =IF(MAX($C$5:$C$105)=C44,1,"") -> 1 | I44: =C44^2-$C$5^2 -> 0 | J44: =IF(AND($V$40>F44,NOT(G44="")),F44,"") -> #N/A | K44: =IF(AND($V$40>F44,NOT(G44="")),I44,"") -> #N/A | L44: =IF(G44="",L43,F44*$V$6*(100/$V$5)) | M44: =IF(G44="",M43,(F44-$F$5)/G44) -> 1 | R44: =IF(F44="","",(F44-(E44*$V$71+$V$72))*100/(MAX($F$5:$F$105)*0.9))
E45: =IF(F45="","",E44+1) | F45: =IF(G45="","",B45) | G45: =IF(SUM($H$5:H44)<1,C45,"") | H45: =IF(MAX($C$5:$C$105)=C45,1,"") -> 1 | I45: =C45^2-$C$5^2 -> 0 | J45: =IF(AND($V$40>F45,NOT(G45="")),F45,"") -> #N/A | K45: =IF(AND($V$40>F45,NOT(G45="")),I45,"") -> #N/A | L45: =IF(G45="",L44,F45*$V$6*(100/$V$5)) | M45: =IF(G45="",M44,(F45-$F$5)/G45) -> 1 | R45: =IF(F45="","",(F45-(E45*$V$71+$V$72))*100/(MAX($F$5:$F$105)*0.9))
E46: =IF(F46="","",E45+1) | F46: =IF(G46="","",B46) | G46: =IF(SUM($H$5:H45)<1,C46,"") | H46: =IF(MAX($C$5:$C$105)=C46,1,"") -> 1 | I46: =C46^2-$C$5^2 -> 0 | J46: =IF(AND($V$40>F46,NOT(G46="")),F46,"") -> #N/A | K46: =IF(AND($V$40>F46,NOT(G46="")),I46,"") -> #N/A | L46: =IF(G46="",L45,F46*$V$6*(100/$V$5)) | M46: =IF(G46="",M45,(F46-$F$5)/G46) -> 1 | R46: =IF(F46="","",(F46-(E46*$V$71+$V$72))*100/(MAX($F$5:$F$105)*0.9))
E47: =IF(F47="","",E46+1) | F47: =IF(G47="","",B47) | G47: =IF(SUM($H$5:H46)<1,C47,"") | H47: =IF(MAX($C$5:$C$105)=C47,1,"") -> 1 | I47: =C47^2-$C$5^2 -> 0 | J47: =IF(AND($V$40>F47,NOT(G47="")),F47,"") -> #N/A | K47: =IF(AND($V$40>F47,NOT(G47="")),I47,"") -> #N/A | L47: =IF(G47="",L46,F47*$V$6*(100/$V$5)) | M47: =IF(G47="",M46,(F47-$F$5)/G47) -> 1 | R47: =IF(F47="","",(F47-(E47*$V$71+$V$72))*100/(MAX($F$5:$F$105)*0.9))
E48: =IF(F48="","",E47+1) | F48: =IF(G48="","",B48) | G48: =IF(SUM($H$5:H47)<1,C48,"") | H48: =IF(MAX($C$5:$C$105)=C48,1,"") -> 1 | I48: =C48^2-$C$5^2 -> 0 | J48: =IF(AND($V$40>F48,NOT(G48="")),F48,"") -> #N/A | K48: =IF(AND($V$40>F48,NOT(G48="")),I48,"") -> #N/A | L48: =IF(G48="",L47,F48*$V$6*(100/$V$5)) | M48: =IF(G48="",M47,(F48-$F$5)/G48) -> 1 | R48: =IF(F48="","",(F48-(E48*$V$71+$V$72))*100/(MAX($F$5:$F$105)*0.9))
E49: =IF(F49="","",E48+1) | F49: =IF(G49="","",B49) | G49: =IF(SUM($H$5:H48)<1,C49,"") | H49: =IF(MAX($C$5:$C$105)=C49,1,"") -> 1 | I49: =C49^2-$C$5^2 -> 0 | J49: =IF(AND($V$40>F49,NOT(G49="")),F49,"") -> #N/A | K49: =IF(AND($V$40>F49,NOT(G49="")),I49,"") -> #N/A | L49: =IF(G49="",L48,F49*$V$6*(100/$V$5)) | M49: =IF(G49="",M48,(F49-$F$5)/G49) -> 1 | R49: =IF(F49="","",(F49-(E49*$V$71+$V$72))*100/(MAX($F$5:$F$105)*0.9))
E50: =IF(F50="","",E49+1) | F50: =IF(G50="","",B50) | G50: =IF(SUM($H$5:H49)<1,C50,"") | H50: =IF(MAX($C$5:$C$105)=C50,1,"") -> 1 | I50: =C50^2-$C$5^2 -> 0 | J50: =IF(AND($V$40>F50,NOT(G50="")),F50,"") -> #N/A | K50: =IF(AND($V$40>F50,NOT(G50="")),I50,"") -> #N/A | L50: =IF(G50="",L49,F50*$V$6*(100/$V$5)) | M50: =IF(G50="",M49,(F50-$F$5)/G50) -> 1 | R50: =IF(F50="","",(F50-(E50*$V$71+$V$72))*100/(MAX($F$5:$F$105)*0.9))
E51: =IF(F51="","",E50+1) | F51: =IF(G51="","",B51) | G51: =IF(SUM($H$5:H50)<1,C51,"") | H51: =IF(MAX($C$5:$C$105)=C51,1,"") -> 1 | I51: =C51^2-$C$5^2 -> 0 | J51: =IF(AND($V$40>F51,NOT(G51="")),F51,"") -> #N/A | K51: =IF(AND($V$40>F51,NOT(G51="")),I51,"") -> #N/A | L51: =IF(G51="",L50,F51*$V$6*(100/$V$5)) | M51: =IF(G51="",M50,(F51-$F$5)/G51) -> 1 | R51: =IF(F51="","",(F51-(E51*$V$71+$V$72))*100/(MAX($F$5:$F$105)*0.9))
E52: =IF(F52="","",E51+1) | F52: =IF(G52="","",B52) | G52: =IF(SUM($H$5:H51)<1,C52,"") | H52: =IF(MAX($C$5:$C$105)=C52,1,"") -> 1 | I52: =C52^2-$C$5^2 -> 0 | J52: =IF(AND($V$40>F52,NOT(G52="")),F52,"") -> #N/A | K52: =IF(AND($V$40>F52,NOT(G52="")),I52,"") -> #N/A | L52: =IF(G52="",L51,F52*$V$6*(100/$V$5)) | M52: =IF(G52="",M51,(F52-$F$5)/G52) -> 1 | R52: =IF(F52="","",(F52-(E52*$V$71+$V$72))*100/(MAX($F$5:$F$105)*0.9))
E53: =IF(F53="","",E52+1) | F53: =IF(G53="","",B53) | G53: =IF(SUM($H$5:H52)<1,C53,"") | H53: =IF(MAX($C$5:$C$105)=C53,1,"") -> 1 | I53: =C53^2-$C$5^2 -> 0 | J53: =IF(AND($V$40>F53,NOT(G53="")),F53,"") -> #N/A | K53: =IF(AND($V$40>F53,NOT(G53="")),I53,"") -> #N/A | L53: =IF(G53="",L52,F53*$V$6*(100/$V$5)) | M53: =IF(G53="",M52,(F53-$F$5)/G53) -> 1 | R53: =IF(F53="","",(F53-(E53*$V$71+$V$72))*100/(MAX($F$5:$F$105)*0.9))
E54: =IF(F54="","",E53+1) | F54: =IF(G54="","",B54) | G54: =IF(SUM($H$5:H53)<1,C54,"") | H54: =IF(MAX($C$5:$C$105)=C54,1,"") -> 1 | I54: =C54^2-$C$5^2 -> 0 | J54: =IF(AND($V$40>F54,NOT(G54="")),F54,"") -> #N/A | K54: =IF(AND($V$40>F54,NOT(G54="")),I54,"") -> #N/A | L54: =IF(G54="",L53,F54*$V$6*(100/$V$5)) | M54: =IF(G54="",M53,(F54-$F$5)/G54) -> 1 | R54: =IF(F54="","",(F54-(E54*$V$71+$V$72))*100/(MAX($F$5:$F$105)*0.9))
... E70: =IF(F70="","",E69+1) | F70: =IF(G70="","",B70) | G70: =IF(SUM($H$5:H69)<1,C70,"") | H70: =IF(MAX($C$5:$C$105)=C70,1,"") -> 1 | I70: =C70^2-$C$5^2 -> 0 | J70: =IF(AND($V$40>F70,NOT(G70="")),F70,"") -> #N/A | K70: =IF(AND($V$40>F70,NOT(G70="")),I70,"") -> #N/A | L70: =IF(G70="",L69,F70*$V$6*(100/$V$5)) | M70: =IF(G70="",M69,(F70-$F$5)/G70) -> 1 | R70: =IF(F70="","",(F70-(E70*$V$71+$V$72))*100/(MAX($F$5:$F$105)*0.9))
E71: =IF(F71="","",E70+1) | F71: =IF(G71="","",B71) | G71: =IF(SUM($H$5:H70)<1,C71,"") | H71: =IF(MAX($C$5:$C$105)=C71,1,"") -> 1 | I71: =C71^2-$C$5^2 -> 0 | J71: =IF(AND($V$40>F71,NOT(G71="")),F71,"") -> #N/A | K71: =IF(AND($V$40>F71,NOT(G71="")),I71,"") -> #N/A | L71: =IF(G71="",L70,F71*$V$6*(100/$V$5)) | M71: =IF(G71="",M70,(F71-$F$5)/G71) -> 1 | R71: =IF(F71="","",(F71-(E71*$V$71+$V$72))*100/(MAX($F$5:$F$105)*0.9)) | U71: 기울기 | V71: =(MATCH(MAX(G5:G105),G5:G105)*SUMPRODUCT(E5:E105,F5:F105)-SUM(E5:E105)*SUM(F5:F105))/(MATCH(MAX(G5:G105),G5:G105)*SUMSQ(E5:E105) - SUM(E5:E105)^2) -> #N/A
E72: =IF(F72="","",E71+1) | F72: =IF(G72="","",B72) | G72: =IF(SUM($H$5:H71)<1,C72,"") | H72: =IF(MAX($C$5:$C$105)=C72,1,"") -> 1 | I72: =C72^2-$C$5^2 -> 0 | J72: =IF(AND($V$40>F72,NOT(G72="")),F72,"") -> #N/A | K72: =IF(AND($V$40>F72,NOT(G72="")),I72,"") -> #N/A | L72: =IF(G72="",L71,F72*$V$6*(100/$V$5)) | M72: =IF(G72="",M71,(F72-$F$5)/G72) -> 1 | R72: =IF(F72="","",(F72-(E72*$V$71+$V$72))*100/(MAX($F$5:$F$105)*0.9)) | U72: 오프셋 | V72: =(SUM(F5:F105)*SUMSQ(E5:E105) - SUM(E5:E105)*SUMPRODUCT(E5:E105,F5:F105))/( MATCH(MAX(E5:E105),E5:E105)*SUMSQ(E5:E105) - SUM(E5:E105)^2) -> #DIV/0!
E73: =IF(F73="","",E72+1) | F73: =IF(G73="","",B73) | G73: =IF(SUM($H$5:H72)<1,C73,"") | H73: =IF(MAX($C$5:$C$105)=C73,1,"") -> 1 | I73: =C73^2-$C$5^2 -> 0 | J73: =IF(AND($V$40>F73,NOT(G73="")),F73,"") -> #N/A | K73: =IF(AND($V$40>F73,NOT(G73="")),I73,"") -> #N/A | L73: =IF(G73="",L72,F73*$V$6*(100/$V$5)) | M73: =IF(G73="",M72,(F73-$F$5)/G73) -> 1 | R73: =IF(F73="","",(F73-(E73*$V$71+$V$72))*100/(MAX($F$5:$F$105)*0.9)) | U73: 선형성 에러(%) | V73: =(MAX(R5:R105)-MIN(R5:R105))/2 -> 0
E74: =IF(F74="","",E73+1) | F74: =IF(G74="","",B74) | G74: =IF(SUM($H$5:H73)<1,C74,"") | H74: =IF(MAX($C$5:$C$105)=C74,1,"") -> 1 | I74: =C74^2-$C$5^2 -> 0 | J74: =IF(AND($V$40>F74,NOT(G74="")),F74,"") -> #N/A | K74: =IF(AND($V$40>F74,NOT(G74="")),I74,"") -> #N/A | L74: =IF(G74="",L73,F74*$V$6*(100/$V$5)) | M74: =IF(G74="",M73,(F74-$F$5)/G74) -> 1 | R74: =IF(F74="","",(F74-(E74*$V$71+$V$72))*100/(MAX($F$5:$F$105)*0.9))
E75: =IF(F75="","",E74+1) | F75: =IF(G75="","",B75) | G75: =IF(SUM($H$5:H74)<1,C75,"") | H75: =IF(MAX($C$5:$C$105)=C75,1,"") -> 1 | I75: =C75^2-$C$5^2 -> 0 | J75: =IF(AND($V$40>F75,NOT(G75="")),F75,"") -> #N/A | K75: =IF(AND($V$40>F75,NOT(G75="")),I75,"") -> #N/A | L75: =IF(G75="",L74,F75*$V$6*(100/$V$5)) | M75: =IF(G75="",M74,(F75-$F$5)/G75) -> 1 | R75: =IF(F75="","",(F75-(E75*$V$71+$V$72))*100/(MAX($F$5:$F$105)*0.9)) | U75: fit | V75: 0 | W75: =V72 -> #DIV/0!
E76: =IF(F76="","",E75+1) | F76: =IF(G76="","",B76) | G76: =IF(SUM($H$5:H75)<1,C76,"") | H76: =IF(MAX($C$5:$C$105)=C76,1,"") -> 1 | I76: =C76^2-$C$5^2 -> 0 | J76: =IF(AND($V$40>F76,NOT(G76="")),F76,"") -> #N/A | K76: =IF(AND($V$40>F76,NOT(G76="")),I76,"") -> #N/A | L76: =IF(G76="",L75,F76*$V$6*(100/$V$5)) | M76: =IF(G76="",M75,(F76-$F$5)/G76) -> 1 | R76: =IF(F76="","",(F76-(E76*$V$71+$V$72))*100/(MAX($F$5:$F$105)*0.9)) | V76: =MAX(L5:L105) -> 0 | W76: =V71*MAX(E5:E105)+V75 -> #N/A
E77: =IF(F77="","",E76+1) | F77: =IF(G77="","",B77) | G77: =IF(SUM($H$5:H76)<1,C77,"") | H77: =IF(MAX($C$5:$C$105)=C77,1,"") -> 1 | I77: =C77^2-$C$5^2 -> 0 | J77: =IF(AND($V$40>F77,NOT(G77="")),F77,"") -> #N/A | K77: =IF(AND($V$40>F77,NOT(G77="")),I77,"") -> #N/A | L77: =IF(G77="",L76,F77*$V$6*(100/$V$5)) | M77: =IF(G77="",M76,(F77-$F$5)/G77) -> 1 | R77: =IF(F77="","",(F77-(E77*$V$71+$V$72))*100/(MAX($F$5:$F$105)*0.9))
E78: =IF(F78="","",E77+1) | F78: =IF(G78="","",B78) | G78: =IF(SUM($H$5:H77)<1,C78,"") | H78: =IF(MAX($C$5:$C$105)=C78,1,"") -> 1 | I78: =C78^2-$C$5^2 -> 0 | J78: =IF(AND($V$40>F78,NOT(G78="")),F78,"") -> #N/A | K78: =IF(AND($V$40>F78,NOT(G78="")),I78,"") -> #N/A | L78: =IF(G78="",L77,F78*$V$6*(100/$V$5)) | M78: =IF(G78="",M77,(F78-$F$5)/G78) -> 1 | R78: =IF(F78="","",(F78-(E78*$V$71+$V$72))*100/(MAX($F$5:$F$105)*0.9))
E79: =IF(F79="","",E78+1) | F79: =IF(G79="","",B79) | G79: =IF(SUM($H$5:H78)<1,C79,"") | H79: =IF(MAX($C$5:$C$105)=C79,1,"") -> 1 | I79: =C79^2-$C$5^2 -> 0 | J79: =IF(AND($V$40>F79,NOT(G79="")),F79,"") -> #N/A | K79: =IF(AND($V$40>F79,NOT(G79="")),I79,"") -> #N/A | L79: =IF(G79="",L78,F79*$V$6*(100/$V$5)) | M79: =IF(G79="",M78,(F79-$F$5)/G79) -> 1 | R79: =IF(F79="","",(F79-(E79*$V$71+$V$72))*100/(MAX($F$5:$F$105)*0.9))
E80: =IF(F80="","",E79+1) | F80: =IF(G80="","",B80) | G80: =IF(SUM($H$5:H79)<1,C80,"") | H80: =IF(MAX($C$5:$C$105)=C80,1,"") -> 1 | I80: =C80^2-$C$5^2 -> 0 | J80: =IF(AND($V$40>F80,NOT(G80="")),F80,"") -> #N/A | K80: =IF(AND($V$40>F80,NOT(G80="")),I80,"") -> #N/A | L80: =IF(G80="",L79,F80*$V$6*(100/$V$5)) | M80: =IF(G80="",M79,(F80-$F$5)/G80) -> 1 | R80: =IF(F80="","",(F80-(E80*$V$71+$V$72))*100/(MAX($F$5:$F$105)*0.9))
E81: =IF(F81="","",E80+1) | F81: =IF(G81="","",B81) | G81: =IF(SUM($H$5:H80)<1,C81,"") | H81: =IF(MAX($C$5:$C$105)=C81,1,"") -> 1 | I81: =C81^2-$C$5^2 -> 0 | J81: =IF(AND($V$40>F81,NOT(G81="")),F81,"") -> #N/A | K81: =IF(AND($V$40>F81,NOT(G81="")),I81,"") -> #N/A | L81: =IF(G81="",L80,F81*$V$6*(100/$V$5)) | M81: =IF(G81="",M80,(F81-$F$5)/G81) -> 1 | R81: =IF(F81="","",(F81-(E81*$V$71+$V$72))*100/(MAX($F$5:$F$105)*0.9))
E82: =IF(F82="","",E81+1) | F82: =IF(G82="","",B82) | G82: =IF(SUM($H$5:H81)<1,C82,"") | H82: =IF(MAX($C$5:$C$105)=C82,1,"") -> 1 | I82: =C82^2-$C$5^2 -> 0 | J82: =IF(AND($V$40>F82,NOT(G82="")),F82,"") -> #N/A | K82: =IF(AND($V$40>F82,NOT(G82="")),I82,"") -> #N/A | L82: =IF(G82="",L81,F82*$V$6*(100/$V$5)) | M82: =IF(G82="",M81,(F82-$F$5)/G82) -> 1 | R82: =IF(F82="","",(F82-(E82*$V$71+$V$72))*100/(MAX($F$5:$F$105)*0.9))
E83: =IF(F83="","",E82+1) | F83: =IF(G83="","",B83) | G83: =IF(SUM($H$5:H82)<1,C83,"") | H83: =IF(MAX($C$5:$C$105)=C83,1,"") -> 1 | I83: =C83^2-$C$5^2 -> 0 | J83: =IF(AND($V$40>F83,NOT(G83="")),F83,"") -> #N/A | K83: =IF(AND($V$40>F83,NOT(G83="")),I83,"") -> #N/A | L83: =IF(G83="",L82,F83*$V$6*(100/$V$5)) | M83: =IF(G83="",M82,(F83-$F$5)/G83) -> 1 | R83: =IF(F83="","",(F83-(E83*$V$71+$V$72))*100/(MAX($F$5:$F$105)*0.9))
E84: =IF(F84="","",E83+1) | F84: =IF(G84="","",B84) | G84: =IF(SUM($H$5:H83)<1,C84,"") | H84: =IF(MAX($C$5:$C$105)=C84,1,"") -> 1 | I84: =C84^2-$C$5^2 -> 0 | J84: =IF(AND($V$40>F84,NOT(G84="")),F84,"") -> #N/A | K84: =IF(AND($V$40>F84,NOT(G84="")),I84,"") -> #N/A | L84: =IF(G84="",L83,F84*$V$6*(100/$V$5)) | M84: =IF(G84="",M83,(F84-$F$5)/G84) -> 1 | R84: =IF(F84="","",(F84-(E84*$V$71+$V$72))*100/(MAX($F$5:$F$105)*0.9))
E85: =IF(F85="","",E84+1) | F85: =IF(G85="","",B85) | G85: =IF(SUM($H$5:H84)<1,C85,"") | H85: =IF(MAX($C$5:$C$105)=C85,1,"") -> 1 | I85: =C85^2-$C$5^2 -> 0 | J85: =IF(AND($V$40>F85,NOT(G85="")),F85,"") -> #N/A | K85: =IF(AND($V$40>F85,NOT(G85="")),I85,"") -> #N/A | L85: =IF(G85="",L84,F85*$V$6*(100/$V$5)) | M85: =IF(G85="",M84,(F85-$F$5)/G85) -> 1 | R85: =IF(F85="","",(F85-(E85*$V$71+$V$72))*100/(MAX($F$5:$F$105)*0.9))
E86: =IF(F86="","",E85+1) | F86: =IF(G86="","",B86) | G86: =IF(SUM($H$5:H85)<1,C86,"") | H86: =IF(MAX($C$5:$C$105)=C86,1,"") -> 1 | I86: =C86^2-$C$5^2 -> 0 | J86: =IF(AND($V$40>F86,NOT(G86="")),F86,"") -> #N/A | K86: =IF(AND($V$40>F86,NOT(G86="")),I86,"") -> #N/A | L86: =IF(G86="",L85,F86*$V$6*(100/$V$5)) | M86: =IF(G86="",M85,(F86-$F$5)/G86) -> 1 | R86: =IF(F86="","",(F86-(E86*$V$71+$V$72))*100/(MAX($F$5:$F$105)*0.9))
E87: =IF(F87="","",E86+1) | F87: =IF(G87="","",B87) | G87: =IF(SUM($H$5:H86)<1,C87,"") | H87: =IF(MAX($C$5:$C$105)=C87,1,"") -> 1 | I87: =C87^2-$C$5^2 -> 0 | J87: =IF(AND($V$40>F87,NOT(G87="")),F87,"") -> #N/A | K87: =IF(AND($V$40>F87,NOT(G87="")),I87,"") -> #N/A | L87: =IF(G87="",L86,F87*$V$6*(100/$V$5)) | M87: =IF(G87="",M86,(F87-$F$5)/G87) -> 1 | R87: =IF(F87="","",(F87-(E87*$V$71+$V$72))*100/(MAX($F$5:$F$105)*0.9))
E88: =IF(F88="","",E87+1) | F88: =IF(G88="","",B88) | G88: =IF(SUM($H$5:H87)<1,C88,"") | H88: =IF(MAX($C$5:$C$105)=C88,1,"") -> 1 | I88: =C88^2-$C$5^2 -> 0 | J88: =IF(AND($V$40>F88,NOT(G88="")),F88,"") -> #N/A | K88: =IF(AND($V$40>F88,NOT(G88="")),I88,"") -> #N/A | L88: =IF(G88="",L87,F88*$V$6*(100/$V$5)) | M88: =IF(G88="",M87,(F88-$F$5)/G88) -> 1 | R88: =IF(F88="","",(F88-(E88*$V$71+$V$72))*100/(MAX($F$5:$F$105)*0.9))
... E105: =IF(F105="","",E104+1) | F105: =IF(G105="","",B105) | G105: =IF(SUM($H$5:H104)<1,C105,"") | H105: =IF(MAX($C$5:$C$105)=C105,1,"") -> 1 | I105: =C105^2-$C$5^2 -> 0 | J105: =IF(AND($V$40>F105,NOT(G105="")),F105,"") -> #N/A | K105: =IF(AND($V$40>F105,NOT(G105="")),I105,"") -> #N/A | L105: =IF(G105="",L104,F105*$V$6*(100/$V$5)) | M105: =IF(G105="",M104,(F105-$F$5)/G105) -> 1 | R105: =IF(F105="","",(F105-(E105*$V$71+$V$72))*100/(MAX($F$5:$F$105)*0.9))

Sheet Linearity HG
A2: Input Data | E2: Output | U2: Output Data
A3: Exp/ Light Level | B3: Gray Value (uy-Uy.dark) | C3: Temporal STD | D3: Total STD | E3: Index | F3: Gray Value (uy-Uy.dark) | G3: STD | H3: STD CHK | I3: Variance gray | J3: Variance Fit | L3: photons | M3: SNR(linear) | N3: Linearity Error(%) | U3: Exp/ Light Level | V3: Gray Value (uy-Uy.dark) | W3: Temporal STD | X3: Total STD
H4: STD CHK | J4: GrayValue | K4: Variance slop
A5: 2 | B5: 7.27 | C5: 1.31 | D5: 1.75 | E5: 0 | F5: =IF(G5="","",B5) -> 7.27 | G5: =IF(SUM($H4:H$5)<1,C5,"") -> 1.31 | H5: =IF(MAX($C$5:$C$105)=C5,1,"") | I5: =C5^2-$C$5^2 -> 0 | J5: =IF(AND($R$40>F5,NOT(G5="")),F5,"") -> 7.27 | K5: =IF(AND($R$40>F5,NOT(G5="")),I5,"") -> 0 | L5: =IF(G5="","",G5*$R$6*(100/$R$5)) -> 18.390127 | M5: 1 | N5: =IF(F5="","",(F5-(E5*$R$71+$R$72))*100/(MAX($F$5:$F$105)*0.9)) -> 1.1783326 | Q5: Quamtum Eppiciency | R5: 88.4 | U5: 2 | V5: =B5*$R$8 -> #N/A | W5: =C5*$R$8 -> #N/A | X5: =D5*$R$8 -> #N/A
A6: 600 | B6: 13.26 | C6: 1.45 | D6: 1.81 | E6: =IF(F6="","",E5+1) -> 1 | F6: =IF(G6="","",B6) -> 13.26 | G6: =IF(SUM($H5:H$5)<1,C6,"") -> 1.45 | H6: =IF(MAX($C$5:$C$105)=C6,1,"") | I6: =C6^2-$C$5^2 -> 0.3864 | J6: =IF(AND($R$40>F6,NOT(G6="")),F6,"") -> 13.26 | K6: =IF(AND($R$40>F6,NOT(G6="")),I6,"") -> 0.3864 | L6: =IF(G6="",L5,F6*$R$6*(100/$R$5)) -> 186.14739 | M6: =IF(G6="",M5,(F6-$F$5)/G6) -> 4.1310345 | N6: =IF(F6="","",(F6-(E6*$R$71+$R$72))*100/(MAX($F$5:$F$105)*0.9)) -> 0.60085702 | Q6: System Gain LG | R6: =1/((MATCH(MAX(K5:K105),K5:K105)*SUMPRODUCT(J5:J105,K5:K105)-SUM(J5:J105)*SUM(K5:K105))/(MATCH(MAX(K5:K105),K5:K105)*SUMSQ(J5:J105) - SUM(J5:J105)^2)) -> 12.409826 | U6: 600 | V6: =B6*$R$8 -> #N/A | W6: =C6*$R$8 -> #N/A | X6: =D6*$R$8 -> #N/A
A7: 1200 | B7: 20.41 | C7: 1.64 | D7: 1.95 | E7: =IF(F7="","",E6+1) -> 2 | F7: =IF(G7="","",B7) -> 20.41 | G7: =IF(SUM($H$5:H6)<1,C7,"") -> 1.64 | H7: =IF(MAX($C$5:$C$105)=C7,1,"") | I7: =C7^2-$C$5^2 -> 0.9735 | J7: =IF(AND($R$40>F7,NOT(G7="")),F7,"") -> 20.41 | K7: =IF(AND($R$40>F7,NOT(G7="")),I7,"") -> 0.9735 | L7: =IF(G7="",L6,F7*$R$6*(100/$R$5)) -> 286.52099 | M7: =IF(G7="",M6,(F7-$F$5)/G7) -> 8.0121951 | N7: =IF(F7="","",(F7-(E7*$R$71+$R$72))*100/(MAX($F$5:$F$105)*0.9)) -> 0.56280087 | Q7: System Gain HG | R7: ='Linearity Data'!V6 -> #N/A | U7: 1200 | V7: =B7*$R$8 -> #N/A | W7: =C7*$R$8 -> #N/A | X7: =D7*$R$8 -> #N/A
A8: 1800 | B8: 27.38 | C8: 1.81 | D8: 2.14 | E8: =IF(F8="","",E7+1) -> 3 | F8: =IF(G8="","",B8) -> 27.38 | G8: =IF(SUM($H$5:H7)<1,C8,"") -> 1.81 | H8: =IF(MAX($C$5:$C$105)=C8,1,"") | I8: =C8^2-$C$5^2 -> 1.56 | J8: =IF(AND($R$40>F8,NOT(G8="")),F8,"") -> 27.38 | K8: =IF(AND($R$40>F8,NOT(G8="")),I8,"") -> 1.56 | L8: =IF(G8="",L7,F8*$R$6*(100/$R$5)) -> 384.36769 | M8: =IF(G8="",M7,(F8-$F$5)/G8) -> 11.110497 | N8: =IF(F8="","",(F8-(E8*$R$71+$R$72))*100/(MAX($F$5:$F$105)*0.9)) -> 0.44104169 | Q8: LG HG Ratio | R8: =R6/R7 -> #N/A | U8: 1800 | V8: =B8*$R$8 -> #N/A | W8: =C8*$R$8 -> #N/A | X8: =D8*$R$8 -> #N/A
A9: 2400 | B9: 34.06 | C9: 2.07 | D9: 2.35 | E9: =IF(F9="","",E8+1) -> 4 | F9: =IF(G9="","",B9) -> 34.06 | G9: =IF(SUM($H$5:H8)<1,C9,"") -> 2.07 | H9: =IF(MAX($C$5:$C$105)=C9,1,"") | I9: =C9^2-$C$5^2 -> 2.5688 | J9: =IF(AND($R$40>F9,NOT(G9="")),F9,"") -> 34.06 | K9: =IF(AND($R$40>F9,NOT(G9="")),I9,"") -> 2.5688 | L9: =IF(G9="",L8,F9*$R$6*(100/$R$5)) -> 478.1433 | M9: =IF(G9="",M8,(F9-$F$5)/G9) -> 12.942029 | N9: =IF(F9="","",(F9-(E9*$R$71+$R$72))*100/(MAX($F$5:$F$105)*0.9)) -> 0.18442765 | U9: 2400 | V9: =B9*$R$8 -> #N/A | W9: =C9*$R$8 -> #N/A | X9: =D9*$R$8 -> #N/A
A10: 3000 | B10: 41.44 | C10: 2.16 | D10: 2.43 | E10: =IF(F10="","",E9+1) -> 5 | F10: =IF(G10="","",B10) -> 41.44 | G10: =IF(SUM($H$5:H9)<1,C10,"") -> 2.16 | H10: =IF(MAX($C$5:$C$105)=C10,1,"") | I10: =C10^2-$C$5^2 -> 2.9495 | J10: =IF(AND($R$40>F10,NOT(G10="")),F10,"") -> 41.44 | K10: =IF(AND($R$40>F10,NOT(G10="")),I10,"") -> 2.9495 | L10: =IF(G10="",L9,F10*$R$6*(100/$R$5)) -> 581.74569 | M10: =IF(G10="",M9,(F10-$F$5)/G10) -> 15.819444 | N10: =IF(F10="","",(F10-(E10*$R$71+$R$72))*100/(MAX($F$5:$F$105)*0.9)) -> 0.25332535 | Q10: DSNU1288 | R10: =SQRT(R13)*R6 -> 14.399677 | S10: e- | U10: 3000 | V10: =B10*$R$8 -> #N/A | W10: =C10*$R$8 -> #N/A | X10: =D10*$R$8 -> #N/A
A11: 3600 | B11: 48.68 | C11: 2.31 | D11: 2.61 | E11: =IF(F11="","",E10+1) -> 6 | F11: =IF(G11="","",B11) -> 48.68 | G11: =IF(SUM($H$5:H10)<1,C11,"") -> 2.31 | H11: =IF(MAX($C$5:$C$105)=C11,1,"") | I11: =C11^2-$C$5^2 -> 3.62 | J11: =IF(AND($R$40>F11,NOT(G11="")),F11,"") -> 48.68 | K11: =IF(AND($R$40>F11,NOT(G11="")),I11,"") -> 3.62 | L11: =IF(G11="",L10,F11*$R$6*(100/$R$5)) -> 683.38273 | M11: =IF(G11="",M10,(F11-$F$5)/G11) -> 17.926407 | N11: =IF(F11="","",(F11-(E11*$R$71+$R$72))*100/(MAX($F$5:$F$105)*0.9)) -> 0.25712071 | Q11: PRNU1288 | R11: =SQRT(R14-R13)*100/(R15-R16) -> 1.192145 | S11: % | U11: 3600 | V11: =B11*$R$8 -> #N/A | W11: =C11*$R$8 -> #N/A | X11: =D11*$R$8 -> #N/A
A12: 4200 | B12: 55.44 | C12: 2.41 | D12: 2.74 | E12: =IF(F12="","",E11+1) -> 7 | F12: =IF(G12="","",B12) -> 55.44 | G12: =IF(SUM($H$5:H11)<1,C12,"") -> 2.41 | H12: =IF(MAX($C$5:$C$105)=C12,1,"") | I12: =C12^2-$C$5^2 -> 4.092 | J12: =IF(AND($R$40>F12,NOT(G12="")),F12,"") -> 55.44 | K12: =IF(AND($R$40>F12,NOT(G12="")),I12,"") -> 4.092 | L12: =IF(G12="",L11,F12*$R$6*(100/$R$5)) -> 778.2814 | M12: =IF(G12="",M11,(F12-$F$5)/G12) -> 19.987552 | N12: =IF(F12="","",(F12-(E12*$R$71+$R$72))*100/(MAX($F$5:$F$105)*0.9)) -> 0.037708012 | U12: 4200 | V12: =B12*$R$8 -> #N/A | W12: =C12*$R$8 -> #N/A | X12: =D12*$R$8 -> #N/A
A13: 4800 | B13: 62.46 | C13: 2.52 | D13: 2.83 | E13: =IF(F13="","",E12+1) -> 8 | F13: =IF(G13="","",B13) -> 62.46 | G13: =IF(SUM($H$5:H12)<1,C13,"") -> 2.52 | H13: =IF(MAX($C$5:$C$105)=C13,1,"") | I13: =C13^2-$C$5^2 -> 4.6343 | J13: =IF(AND($R$40>F13,NOT(G13="")),F13,"") -> 62.46 | K13: =IF(AND($R$40>F13,NOT(G13="")),I13,"") -> 4.6343 | L13: =IF(G13="",L12,F13*$R$6*(100/$R$5)) -> 876.83002 | M13: =IF(G13="",M12,(F13-$F$5)/G13) -> 21.900794 | N13: =IF(F13="","",(F13-(E13*$R$71+$R$72))*100/(MAX($F$5:$F$105)*0.9)) -> -0.060800323 | Q13: Sy.dark^2 | R13: =D5^2-C5^2 -> 1.3464 | U13: 4800 | V13: =B13*$R$8 -> #N/A | W13: =C13*$R$8 -> #N/A | X13: =D13*$R$8 -> #N/A
A14: 5400 | B14: 69.19 | C14: 2.66 | D14: 3.02 | E14: =IF(F14="","",E13+1) -> 9 | F14: =IF(G14="","",B14) -> 69.19 | G14: =IF(SUM($H$5:H13)<1,C14,"") -> 2.66 | H14: =IF(MAX($C$5:$C$105)=C14,1,"") | I14: =C14^2-$C$5^2 -> 5.3595 | J14: =IF(AND($R$40>F14,NOT(G14="")),F14,"") -> 69.19 | K14: =IF(AND($R$40>F14,NOT(G14="")),I14,"") -> 5.3595 | L14: =IF(G14="",L13,F14*$R$6*(100/$R$5)) -> 971.30754 | M14: =IF(G14="",M13,(F14-$F$5)/G14) -> 23.278195 | N14: =IF(F14="","",(F14-(E14*$R$71+$R$72))*100/(MAX($F$5:$F$105)*0.9)) -> -0.29416353 | Q14: Sy.50^2 | R14: =INDEX(D5:D105,(MATCH(MAX(F5:F105),F5:F105,0)+F5)*0.5,0)^2-INDEX(C5:C105,(MATCH(MAX(F5:F105),F5:F105,0)+F5)*0.5,0)^2 -> 3.86 | U14: 5400 | V14: =B14*$R$8 -> #N/A | W14: =C14*$R$8 -> #N/A | X14: =D14*$R$8 -> #N/A
A15: 6000 | B15: 76.53 | C15: 2.71 | D15: 3.09 | E15: =IF(F15="","",E14+1) -> 10 | F15: =IF(G15="","",B15) -> 76.53 | G15: =IF(SUM($H$5:H14)<1,C15,"") -> 2.71 | H15: =IF(MAX($C$5:$C$105)=C15,1,"") | I15: =C15^2-$C$5^2 -> 5.628 | J15: =IF(AND($R$40>F15,NOT(G15="")),F15,"") -> 76.53 | K15: =IF(AND($R$40>F15,NOT(G15="")),I15,"") -> 5.628 | L15: =IF(G15="",L14,F15*$R$6*(100/$R$5)) -> 1074.3484 | M15: =IF(G15="",M14,(F15-$F$5)/G15) -> 25.557196 | N15: =IF(F15="","",(F15-(E15*$R$71+$R$72))*100/(MAX($F$5:$F$105)*0.9)) -> -0.24386649 | Q15: uy.50 | R15: =INDEX(B5:B105,(MATCH(MAX(F5:F105),F5:F105,0)+F5)*0.5,0) -> 140.26 | U15: 6000 | V15: =B15*$R$8 -> #N/A | W15: =C15*$R$8 -> #N/A | X15: =D15*$R$8 -> #N/A
A16: 6600 | B16: 83.81 | C16: 2.82 | D16: 3.2 | E16: =IF(F16="","",E15+1) -> 11 | F16: =IF(G16="","",B16) -> 83.81 | G16: =IF(SUM($H$5:H15)<1,C16,"") -> 2.82 | H16: =IF(MAX($C$5:$C$105)=C16,1,"") | I16: =C16^2-$C$5^2 -> 6.2363 | J16: =IF(AND($R$40>F16,NOT(G16="")),F16,"") -> 83.81 | K16: =IF(AND($R$40>F16,NOT(G16="")),I16,"") -> 6.2363 | L16: =IF(G16="",L15,F16*$R$6*(100/$R$5)) -> 1176.547 | M16: =IF(G16="",M15,(F16-$F$5)/G16) -> 27.141844 | N16: =IF(F16="","",(F16-(E16*$R$71+$R$72))*100/(MAX($F$5:$F$105)*0.9)) -> -0.22147046 | Q16: uy.dark | R16: =B5 -> 7.27 | U16: 6600 | V16: =B16*$R$8 -> #N/A | W16: =C16*$R$8 -> #N/A | X16: =D16*$R$8 -> #N/A
A17: 7200 | B17: 91 | C17: 2.94 | D17: 3.34 | E17: =IF(F17="","",E16+1) -> 12 | F17: =IF(G17="","",B17) -> 91 | G17: =IF(SUM($H$5:H16)<1,C17,"") -> 2.94 | H17: =IF(MAX($C$5:$C$105)=C17,1,"") | I17: =C17^2-$C$5^2 -> 6.9275 | J17: =IF(AND($R$40>F17,NOT(G17="")),F17,"") -> 91 | K17: =IF(AND($R$40>F17,NOT(G17="")),I17,"") -> 6.9275 | L17: =IF(G17="",L16,F17*$R$6*(100/$R$5)) -> 1277.4821 | M17: =IF(G17="",M16,(F17-$F$5)/G17) -> 28.479592 | N17: =IF(F17="","",(F17-(E17*$R$71+$R$72))*100/(MAX($F$5:$F$105)*0.9)) -> -0.24092594 | U17: 7200 | V17: =B17*$R$8 -> #N/A | W17: =C17*$R$8 -> #N/A | X17: =D17*$R$8 -> #N/A
A18: 7800 | B18: 98 | C18: 3.07 | D18: 3.49 | E18: =IF(F18="","",E17+1) -> 13 | F18: =IF(G18="","",B18) -> 98 | G18: =IF(SUM($H$5:H17)<1,C18,"") -> 3.07 | H18: =IF(MAX($C$5:$C$105)=C18,1,"") | I18: =C18^2-$C$5^2 -> 7.7088 | J18: =IF(AND($R$40>F18,NOT(G18="")),F18,"") -> 98 | K18: =IF(AND($R$40>F18,NOT(G18="")),I18,"") -> 7.7088 | L18: =IF(G18="",L17,F18*$R$6*(100/$R$5)) -> 1375.75 | M18: =IF(G18="",M17,(F18-$F$5)/G18) -> 29.553746 | N18: =IF(F18="","",(F18-(E18*$R$71+$R$72))*100/(MAX($F$5:$F$105)*0.9)) -> -0.34873461 | U18: 7800 | V18: =B18*$R$8 -> #N/A | W18: =C18*$R$8 -> #N/A | X18: =D18*$R$8 -> #N/A
A19: 8400 | B19: 105.17 | C19: 3.16 | D19: 3.57 | E19: =IF(F19="","",E18+1) -> 14 | F19: =IF(G19="","",B19) -> 105.17 | G19: =IF(SUM($H$5:H18)<1,C19,"") -> 3.16 | H19: =IF(MAX($C$5:$C$105)=C19,1,"") | I19: =C19^2-$C$5^2 -> 8.2695 | J19: =IF(AND($R$40>F19,NOT(G19="")),F19,"") -> 105.17 | K19: =IF(AND($R$40>F19,NOT(G19="")),I19,"") -> 8.2695 | L19: =IF(G19="",L18,F19*$R$6*(100/$R$5)) -> 1476.4043 | M19: =IF(G19="",M18,(F19-$F$5)/G19) -> 30.981013 | N19: =IF(F19="","",(F19-(E19*$R$71+$R$72))*100/(MAX($F$5:$F$105)*0.9)) -> -0.37749043 | U19: 8400 | V19: =B19*$R$8 -> #N/A | W19: =C19*$R$8 -> #N/A | X19: =D19*$R$8 -> #N/A
A20: 9000 | B20: 112.1 | C20: 3.21 | D20: 3.67 | E20: =IF(F20="","",E19+1) -> 15 | F20: =IF(G20="","",B20) -> 112.1 | G20: =IF(SUM($H$5:H19)<1,C20,"") -> 3.21 | H20: =IF(MAX($C$5:$C$105)=C20,1,"") | I20: =C20^2-$C$5^2 -> 8.588 | J20: =IF(AND($R$40>F20,NOT(G20="")),F20,"") -> 112.1 | K20: =IF(AND($R$40>F20,NOT(G20="")),I20,"") -> 8.588 | L20: =IF(G20="",L19,F20*$R$6*(100/$R$5)) -> 1573.6895 | M20: =IF(G20="",M19,(F20-$F$5)/G20) -> 32.657321 | N20: =IF(F20="","",(F20-(E20*$R$71+$R$72))*100/(MAX($F$5:$F$105)*0.9)) -> -0.51785028 | U20: 9000 | V20: =B20*$R$8 -> #N/A | W20: =C20*$R$8 -> #N/A | X20: =D20*$R$8 -> #N/A
A21: 9600 | B21: 119 | C21: 3.29 | D21: 3.78 | E21: =IF(F21="","",E20+1) -> 16 | F21: =IF(G21="","",B21) -> 119 | G21: =IF(SUM($H$5:H20)<1,C21,"") -> 3.29 | H21: =IF(MAX($C$5:$C$105)=C21,1,"") | I21: =C21^2-$C$5^2 -> 9.108 | J21: =IF(AND($R$40>F21,NOT(G21="")),F21,"") -> 119 | K21: =IF(AND($R$40>F21,NOT(G21="")),I21,"") -> 9.108 | L21: =IF(G21="",L20,F21*$R$6*(100/$R$5)) -> 1670.5535 | M21: =IF(G21="",M20,(F21-$F$5)/G21) -> 33.960486 | N21: =IF(F21="","",(F21-(E21*$R$71+$R$72))*100/(MAX($F$5:$F$105)*0.9)) -> -0.67216063 | U21: 9600 | V21: =B21*$R$8 -> #N/A | W21: =C21*$R$8 -> #N/A | X21: =D21*$R$8 -> #N/A
A22: 10200 | B22: 126.46 | C22: 3.34 | D22: 3.87 | E22: =IF(F22="","",E21+1) -> 17 | F22: =IF(G22="","",B22) -> 126.46 | G22: =IF(SUM($H$5:H21)<1,C22,"") -> 3.34 | H22: =IF(MAX($C$5:$C$105)=C22,1,"") | I22: =C22^2-$C$5^2 -> 9.4395 | J22: =IF(AND($R$40>F22,NOT(G22="")),F22,"") -> 126.46 | K22: =IF(AND($R$40>F22,NOT(G22="")),I22,"") -> 9.4395 | L22: =IF(G22="",L21,F22*$R$6*(100/$R$5)) -> 1775.279 | M22: =IF(G22="",M21,(F22-$F$5)/G22) -> 35.685629 | N22: =IF(F22="","",(F22-(E22*$R$71+$R$72))*100/(MAX($F$5:$F$105)*0.9)) -> -0.56606158 | U22: 10200 | V22: =B22*$R$8 -> #N/A | W22: =C22*$R$8 -> #N/A | X22: =D22*$R$8 -> #N/A
A23: 10800 | B23: 133.39 | C23: 3.44 | D23: 3.98 | E23: =IF(F23="","",E22+1) -> 18 | F23: =IF(G23="","",B23) -> 133.39 | G23: =IF(SUM($H$5:H22)<1,C23,"") -> 3.44 | H23: =IF(MAX($C$5:$C$105)=C23,1,"") | I23: =C23^2-$C$5^2 -> 10.1175 | J23: =IF(AND($R$40>F23,NOT(G23="")),F23,"") -> 133.39 | K23: =IF(AND($R$40>F23,NOT(G23="")),I23,"") -> 10.1175 | L23: =IF(G23="",L22,F23*$R$6*(100/$R$5)) -> 1872.5641 | M23: =IF(G23="",M22,(F23-$F$5)/G23) -> 36.662791 | N23: =IF(F23="","",(F23-(E23*$R$71+$R$72))*100/(MAX($F$5:$F$105)*0.9)) -> -0.70642142 | U23: 10800 | V23: =B23*$R$8 -> #N/A | W23: =C23*$R$8 -> #N/A | X23: =D23*$R$8 -> #N/A
A24: 11400 | B24: 140.26 | C24: 3.61 | D24: 4.11 | E24: =IF(F24="","",E23+1) -> 19 | F24: =IF(G24="","",B24) -> 140.26 | G24: =IF(SUM($H$5:H23)<1,C24,"") -> 3.61 | H24: =IF(MAX($C$5:$C$105)=C24,1,"") | I24: =C24^2-$C$5^2 -> 11.316 | J24: =IF(AND($R$40>F24,NOT(G24="")),F24,"") -> 140.26 | K24: =IF(AND($R$40>F24,NOT(G24="")),I24,"") -> 11.316 | L24: =IF(G24="",L23,F24*$R$6*(100/$R$5)) -> 1969.007 | M24: =IF(G24="",M23,(F24-$F$5)/G24) -> 36.839335 | N24: =IF(F24="","",(F24-(E24*$R$71+$R$72))*100/(MAX($F$5:$F$105)*0.9)) -> -0.87468228 | Q24: 항목 | R24: photon | S24: ratio | U24: 11400 | V24: =B24*$R$8 -> #N/A | W24: =C24*$R$8 -> #N/A | X24: =D24*$R$8 -> #N/A
A25: 12000 | B25: 148.22 | C25: 3.6 | D25: 4.2 | E25: =IF(F25="","",E24+1) -> 20 | F25: =IF(G25="","",B25) -> 148.22 | G25: =IF(SUM($H$5:H24)<1,C25,"") -> 3.6 | H25: =IF(MAX($C$5:$C$105)=C25,1,"") | I25: =C25^2-$C$5^2 -> 11.2439 | J25: =IF(AND($R$40>F25,NOT(G25="")),F25,"") -> 148.22 | K25: =IF(AND($R$40>F25,NOT(G25="")),I25,"") -> 11.2439 | L25: =IF(G25="",L24,F25*$R$6*(100/$R$5)) -> 2080.7516 | M25: =IF(G25="",M24,(F25-$F$5)/G25) -> 39.152778 | N25: =IF(F25="","",(F25-(E25*$R$71+$R$72))*100/(MAX($F$5:$F$105)*0.9)) -> -0.53607483 | Q25: SNR 1 | R25: =MIN(L4:L104) -> 18.390127 | S25: =MIN(M4:M104) -> 1 | U25: 12000 | V25: =B25*$R$8 -> #N/A | W25: =C25*$R$8 -> #N/A | X25: =D25*$R$8 -> #N/A
A26: 12600 | B26: 155.03 | C26: 3.67 | D26: 4.28 | E26: =IF(F26="","",E25+1) -> 21 | F26: =IF(G26="","",B26) -> 155.03 | G26: =IF(SUM($H$5:H25)<1,C26,"") -> 3.67 | H26: =IF(MAX($C$5:$C$105)=C26,1,"") | I26: =C26^2-$C$5^2 -> 11.7528 | J26: =IF(AND($R$40>F26,NOT(G26="")),F26,"") -> 155.03 | K26: =IF(AND($R$40>F26,NOT(G26="")),I26,"") -> 11.7528 | L26: =IF(G26="",L25,F26*$R$6*(100/$R$5)) -> 2176.3522 | M26: =IF(G26="",M25,(F26-$F$5)/G26) -> 40.26158 | N26: =IF(F26="","",(F26-(E26*$R$71+$R$72))*100/(MAX($F$5:$F$105)*0.9)) -> -0.73223669 | Q26: SNR MAX(Saturation) | R26: =MAX(L6:L105) -> 3354.303 | S26: =MAX(M6:M105) -> 52.77221 | U26: 12600 | V26: =B26*$R$8 -> #N/A | W26: =C26*$R$8 -> #N/A | X26: =D26*$R$8 -> #N/A
A27: 13200 | B27: 162.57 | C27: 3.73 | D27: 4.4 | E27: =IF(F27="","",E26+1) -> 22 | F27: =IF(G27="","",B27) -> 162.57 | G27: =IF(SUM($H$5:H26)<1,C27,"") -> 3.73 | H27: =IF(MAX($C$5:$C$105)=C27,1,"") | I27: =C27^2-$C$5^2 -> 12.1968 | J27: =IF(AND($R$40>F27,NOT(G27="")),F27,"") | K27: =IF(AND($R$40>F27,NOT(G27="")),I27,"") | L27: =IF(G27="",L26,F27*$R$6*(100/$R$5)) -> 2282.2007 | M27: =IF(G27="",M26,(F27-$F$5)/G27) -> 41.635389 | N27: =IF(F27="","",(F27-(E27*$R$71+$R$72))*100/(MAX($F$5:$F$105)*0.9)) -> -0.5889363 | Q27: theor.limit | R27: 1 | S27: =SQRT(R27) -> 1 | U27: 13200 | V27: =B27*$R$8 -> #N/A | W27: =C27*$R$8 -> #N/A | X27: =D27*$R$8 -> #N/A
A28: 13800 | B28: 170.29 | C28: 3.85 | D28: 4.54 | E28: =IF(F28="","",E27+1) -> 23 | F28: =IF(G28="","",B28) -> 170.29 | G28: =IF(SUM($H$5:H27)<1,C28,"") -> 3.85 | H28: =IF(MAX($C$5:$C$105)=C28,1,"") | I28: =C28^2-$C$5^2 -> 13.1064 | J28: =IF(AND($R$40>F28,NOT(G28="")),F28,"") | K28: =IF(AND($R$40>F28,NOT(G28="")),I28,"") | L28: =IF(G28="",L27,F28*$R$6*(100/$R$5)) -> 2390.5761 | M28: =IF(G28="",M27,(F28-$F$5)/G28) -> 42.342857 | N28: =IF(F28="","",(F28-(E28*$R$71+$R$72))*100/(MAX($F$5:$F$105)*0.9)) -> -0.36193289 | R28: 1000000 | S28: =SQRT(R28) -> 1000 | U28: 13800 | V28: =B28*$R$8 -> #N/A | W28: =C28*$R$8 -> #N/A | X28: =D28*$R$8 -> #N/A
A29: 14400 | B29: 177.92 | C29: 3.87 | D29: 4.63 | E29: =IF(F29="","",E28+1) -> 24 | F29: =IF(G29="","",B29) -> 177.92 | G29: =IF(SUM($H$5:H28)<1,C29,"") -> 3.87 | H29: =IF(MAX($C$5:$C$105)=C29,1,"") | I29: =C29^2-$C$5^2 -> 13.2608 | J29: =IF(AND($R$40>F29,NOT(G29="")),F29,"") | K29: =IF(AND($R$40>F29,NOT(G29="")),I29,"") | L29: =IF(G29="",L28,F29*$R$6*(100/$R$5)) -> 2497.6881 | M29: =IF(G29="",M28,(F29-$F$5)/G29) -> 44.095607 | N29: =IF(F29="","",(F29-(E29*$R$71+$R$72))*100/(MAX($F$5:$F$105)*0.9)) -> -0.17678098 | U29: 14400 | V29: =B29*$R$8 -> #N/A | W29: =C29*$R$8 -> #N/A | X29: =D29*$R$8 -> #N/A
A30: 15000 | B30: 184.76 | C30: 3.93 | D30: 4.73 | E30: =IF(F30="","",E29+1) -> 25 | F30: =IF(G30="","",B30) -> 184.76 | G30: =IF(SUM($H$5:H29)<1,C30,"") -> 3.93 | H30: =IF(MAX($C$5:$C$105)=C30,1,"") | I30: =C30^2-$C$5^2 -> 13.7288 | J30: =IF(AND($R$40>F30,NOT(G30="")),F30,"") | K30: =IF(AND($R$40>F30,NOT(G30="")),I30,"") | L30: =IF(G30="",L29,F30*$R$6*(100/$R$5)) -> 2593.7098 | M30: =IF(G30="",M29,(F30-$F$5)/G30) -> 45.16285 | N30: =IF(F30="","",(F30-(E30*$R$71+$R$72))*100/(MAX($F$5:$F$105)*0.9)) -> -0.35899234 | U30: 15000 | V30: =B30*$R$8 -> #N/A | W30: =C30*$R$8 -> #N/A | X30: =D30*$R$8 -> #N/A
A31: 15600 | B31: 192.96 | C31: 4.01 | D31: 4.82 | E31: =IF(F31="","",E30+1) -> 26 | F31: =IF(G31="","",B31) -> 192.96 | G31: =IF(SUM($H$5:H30)<1,C31,"") -> 4.01 | H31: =IF(MAX($C$5:$C$105)=C31,1,"") | I31: =C31^2-$C$5^2 -> 14.364 | J31: =IF(AND($R$40>F31,NOT(G31="")),F31,"") | K31: =IF(AND($R$40>F31,NOT(G31="")),I31,"") | L31: =IF(G31="",L30,F31*$R$6*(100/$R$5)) -> 2708.8236 | M31: =IF(G31="",M30,(F31-$F$5)/G31) -> 46.306733 | N31: =IF(F31="","",(F31-(E31*$R$71+$R$72))*100/(MAX($F$5:$F$105)*0.9)) -> 0.091219135 | U31: 15600 | V31: =B31*$R$8 -> #N/A | W31: =C31*$R$8 -> #N/A | X31: =D31*$R$8 -> #N/A
A32: 16200 | B32: 200.82 | C32: 4.15 | D32: 4.97 | E32: =IF(F32="","",E31+1) -> 27 | F32: =IF(G32="","",B32) -> 200.82 | G32: =IF(SUM($H$5:H31)<1,C32,"") -> 4.15 | H32: =IF(MAX($C$5:$C$105)=C32,1,"") | I32: =C32^2-$C$5^2 -> 15.5064 | J32: =IF(AND($R$40>F32,NOT(G32="")),F32,"") | K32: =IF(AND($R$40>F32,NOT(G32="")),I32,"") | L32: =IF(G32="",L31,F32*$R$6*(100/$R$5)) -> 2819.1643 | M32: =IF(G32="",M31,(F32-$F$5)/G32) -> 46.638554 | N32: =IF(F32="","",(F32-(E32*$R$71+$R$72))*100/(MAX($F$5:$F$105)*0.9)) -> 0.3833249 | U32: 16200 | V32: =B32*$R$8 -> #N/A | W32: =C32*$R$8 -> #N/A | X32: =D32*$R$8 -> #N/A
A33: 16800 | B33: 208.06 | C33: 4.17 | D33: 5.03 | E33: =IF(F33="","",E32+1) -> 28 | F33: =IF(G33="","",B33) -> 208.06 | G33: =IF(SUM($H$5:H32)<1,C33,"") -> 4.17 | H33: =IF(MAX($C$5:$C$105)=C33,1,"") | I33: =C33^2-$C$5^2 -> 15.6728 | J33: =IF(AND($R$40>F33,NOT(G33="")),F33,"") | K33: =IF(AND($R$40>F33,NOT(G33="")),I33,"") | L33: =IF(G33="",L32,F33*$R$6*(100/$R$5)) -> 2920.8014 | M33: =IF(G33="",M32,(F33-$F$5)/G33) -> 48.151079 | N33: =IF(F33="","",(F33-(E33*$R$71+$R$72))*100/(MAX($F$5:$F$105)*0.9)) -> 0.38712026 | U33: 16800 | V33: =B33*$R$8 -> #N/A | W33: =C33*$R$8 -> #N/A | X33: =D33*$R$8 -> #N/A
A34: 17400 | B34: 215.36 | C34: 4.18 | D34: 5.15 | E34: =IF(F34="","",E33+1) -> 29 | F34: =IF(G34="","",B34) -> 215.36 | G34: =IF(SUM($H$5:H33)<1,C34,"") -> 4.18 | H34: =IF(MAX($C$5:$C$105)=C34,1,"") | I34: =C34^2-$C$5^2 -> 15.7563 | J34: =IF(AND($R$40>F34,NOT(G34="")),F34,"") | K34: =IF(AND($R$40>F34,NOT(G34="")),I34,"") | L34: =IF(G34="",L33,F34*$R$6*(100/$R$5)) -> 3023.2807 | M34: =IF(G34="",M33,(F34-$F$5)/G34) -> 49.782297 | N34: =IF(F34="","",(F34-(E34*$R$71+$R$72))*100/(MAX($F$5:$F$105)*0.9)) -> 0.41881662 | U34: 17400 | V34: =B34*$R$8 -> #N/A | W34: =C34*$R$8 -> #N/A | X34: =D34*$R$8 -> #N/A
A35: 18000 | B35: 223.1 | C35: 4.27 | D35: 5.23 | E35: =IF(F35="","",E34+1) -> 30 | F35: =IF(G35="","",B35) -> 223.1 | G35: =IF(SUM($H$5:H34)<1,C35,"") -> 4.27 | H35: =IF(MAX($C$5:$C$105)=C35,1,"") | I35: =C35^2-$C$5^2 -> 16.5168 | J35: =IF(AND($R$40>F35,NOT(G35="")),F35,"") | K35: =IF(AND($R$40>F35,NOT(G35="")),I35,"") | L35: =IF(G35="",L34,F35*$R$6*(100/$R$5)) -> 3131.9369 | M35: =IF(G35="",M34,(F35-$F$5)/G35) -> 50.545667 | N35: =IF(F35="","",(F35-(E35*$R$71+$R$72))*100/(MAX($F$5:$F$105)*0.9)) -> 0.65512037 | U35: 18000 | V35: =B35*$R$8 -> #N/A | W35: =C35*$R$8 -> #N/A | X35: =D35*$R$8 -> #N/A
A36: 18600 | B36: 231.36 | C36: 4.34 | D36: 5.34 | E36: =IF(F36="","",E35+1) -> 31 | F36: =IF(G36="","",B36) -> 231.36 | G36: =IF(SUM($H$5:H35)<1,C36,"") -> 4.34 | H36: =IF(MAX($C$5:$C$105)=C36,1,"") | I36: =C36^2-$C$5^2 -> 17.1195 | J36: =IF(AND($R$40>F36,NOT(G36="")),F36,"") | K36: =IF(AND($R$40>F36,NOT(G36="")),I36,"") | L36: =IF(G36="",L35,F36*$R$6*(100/$R$5)) -> 3247.8929 | M36: =IF(G36="",M35,(F36-$F$5)/G36) -> 51.633641 | N36: =IF(F36="","",(F36-(E36*$R$71+$R$72))*100/(MAX($F$5:$F$105)*0.9)) -> 1.1332329 | U36: 18600 | V36: =B36*$R$8 -> #N/A | W36: =C36*$R$8 -> #N/A | X36: =D36*$R$8 -> #N/A
A37: 19200 | B37: 238.94 | C37: 4.39 | D37: 5.45 | E37: =IF(F37="","",E36+1) -> 32 | F37: =IF(G37="","",B37) -> 238.94 | G37: =IF(SUM($H$5:H36)<1,C37,"") -> 4.39 | H37: =IF(MAX($C$5:$C$105)=C37,1,"") -> 1 | I37: =C37^2-$C$5^2 -> 17.556 | J37: =IF(AND($R$40>F37,NOT(G37="")),F37,"") | K37: =IF(AND($R$40>F37,NOT(G37="")),I37,"") | L37: =IF(G37="",L36,F37*$R$6*(100/$R$5)) -> 3354.303 | M37: =IF(G37="",M36,(F37-$F$5)/G37) -> 52.77221 | N37: =IF(F37="","",(F37-(E37*$R$71+$R$72))*100/(MAX($F$5:$F$105)*0.9)) -> 1.2951339 | U37: 19200 | V37: =B37*$R$8 -> #N/A | W37: =C37*$R$8 -> #N/A | X37: =D37*$R$8 -> #N/A
A38: 19800 | B38: 247.73 | C38: 4.26 | D38: 5.24 | E38: =IF(F38="","",E37+1) | F38: =IF(G38="","",B38) | G38: =IF(SUM($H$5:H37)<1,C38,"") | H38: =IF(MAX($C$5:$C$105)=C38,1,"") | I38: =C38^2-$C$5^2 -> 16.4315 | J38: =IF(AND($R$40>F38,NOT(G38="")),F38,"") | K38: =IF(AND($R$40>F38,NOT(G38="")),I38,"") | L38: =IF(G38="",L37,F38*$R$6*(100/$R$5)) -> 3354.303 | M38: =IF(G38="",M37,(F38-$F$5)/G38) -> 52.77221 | N38: =IF(F38="","",(F38-(E38*$R$71+$R$72))*100/(MAX($F$5:$F$105)*0.9)) | Q38: 항목 | R38: X | S38: Y | U38: 19800 | V38: =B38*$R$8 -> #N/A | W38: =C38*$R$8 -> #N/A | X38: =D38*$R$8 -> #N/A
A39: 20400 | B39: 253.04 | C39: 2.67 | D39: 3.28 | E39: =IF(F39="","",E38+1) | F39: =IF(G39="","",B39) | G39: =IF(SUM($H$5:H38)<1,C39,"") | H39: =IF(MAX($C$5:$C$105)=C39,1,"") | I39: =C39^2-$C$5^2 -> 5.4128 | J39: =IF(AND($R$40>F39,NOT(G39="")),F39,"") | K39: =IF(AND($R$40>F39,NOT(G39="")),I39,"") | L39: =IF(G39="",L38,F39*$R$6*(100/$R$5)) -> 3354.303 | M39: =IF(G39="",M38,(F39-$F$5)/G39) -> 52.77221 | N39: =IF(F39="","",(F39-(E39*$R$71+$R$72))*100/(MAX($F$5:$F$105)*0.9)) | Q39: fit Line | R39: 0 | S39: =SQRT(R39) -> 0 | U39: 20400 | V39: =B39*$R$8 -> #N/A | W39: =C39*$R$8 -> #N/A | X39: =D39*$R$8 -> #N/A
A40: 21000 | B40: 254.76 | C40: 1.05 | D40: 1.11 | E40: =IF(F40="","",E39+1) | F40: =IF(G40="","",B40) | G40: =IF(SUM($H$5:H39)<1,C40,"") | H40: =IF(MAX($C$5:$C$105)=C40,1,"") | I40: =C40^2-$C$5^2 -> -0.6136 | J40: =IF(AND($R$40>F40,NOT(G40="")),F40,"") | K40: =IF(AND($R$40>F40,NOT(G40="")),I40,"") | L40: =IF(G40="",L39,F40*$R$6*(100/$R$5)) -> 3354.303 | M40: =IF(G40="",M39,(F40-$F$5)/G40) -> 52.77221 | N40: =IF(F40="","",(F40-(E40*$R$71+$R$72))*100/(MAX($F$5:$F$105)*0.9)) | R40: =INDEX(F5:F105,(MATCH(MAX(F5:F105),F5:F105,0))*0.7,0) -> 162.57 | S40: =R40/R6 -> 13.100103 | U40: 21000 | V40: =B40*$R$8 -> #N/A | W40: =C40*$R$8 -> #N/A | X40: =D40*$R$8 -> #N/A
A41: 21600 | B41: 254.99 | C41: 0.16 | D41: 0.17 | E41: =IF(F41="","",E40+1) | F41: =IF(G41="","",B41) | G41: =IF(SUM($H$5:H40)<1,C41,"") | H41: =IF(MAX($C$5:$C$105)=C41,1,"") | I41: =C41^2-$C$5^2 -> -1.6905 | J41: =IF(AND($R$40>F41,NOT(G41="")),F41,"") | K41: =IF(AND($R$40>F41,NOT(G41="")),I41,"") | L41: =IF(G41="",L40,F41*$R$6*(100/$R$5)) -> 3354.303 | M41: =IF(G41="",M40,(F41-$F$5)/G41) -> 52.77221 | N41: =IF(F41="","",(F41-(E41*$R$71+$R$72))*100/(MAX($F$5:$F$105)*0.9)) | Q41: Saturation Line | R41: =MAX(F5:F103) -> 238.94 | S41: =(MAX(C5:C103))^2 -> 19.2721 | U41: 21600 | V41: =B41*$R$8 -> #N/A | W41: =C41*$R$8 -> #N/A | X41: =D41*$R$8 -> #N/A
A42: 22200 | B42: 255 | C42: 0.02 | D42: 0.01 | E42: =IF(F42="","",E41+1) | F42: =IF(G42="","",B42) | G42: =IF(SUM($H$5:H41)<1,C42,"") | H42: =IF(MAX($C$5:$C$105)=C42,1,"") | I42: =C42^2-$C$5^2 -> -1.7157 | J42: =IF(AND($R$40>F42,NOT(G42="")),F42,"") | K42: =IF(AND($R$40>F42,NOT(G42="")),I42,"") | L42: =IF(G42="",L41,F42*$R$6*(100/$R$5)) -> 3354.303 | M42: =IF(G42="",M41,(F42-$F$5)/G42) -> 52.77221 | N42: =IF(F42="","",(F42-(E42*$R$71+$R$72))*100/(MAX($F$5:$F$105)*0.9)) | R42: =MAX(F5:F103) -> 238.94 | S42: -1000 | U42: 22200 | V42: =B42*$R$8 -> #N/A | W42: =C42*$R$8 -> #N/A | X42: =D42*$R$8 -> #N/A
A43: 22800 | B43: 255 | C43: 0 | D43: 0 | E43: =IF(F43="","",E42+1) | F43: =IF(G43="","",B43) | G43: =IF(SUM($H$5:H42)<1,C43,"") | H43: =IF(MAX($C$5:$C$105)=C43,1,"") | I43: =C43^2-$C$5^2 -> -1.7161 | J43: =IF(AND($R$40>F43,NOT(G43="")),F43,"") | K43: =IF(AND($R$40>F43,NOT(G43="")),I43,"") | L43: =IF(G43="",L42,F43*$R$6*(100/$R$5)) -> 3354.303 | M43: =IF(G43="",M42,(F43-$F$5)/G43) -> 52.77221 | N43: =IF(F43="","",(F43-(E43*$R$71+$R$72))*100/(MAX($F$5:$F$105)*0.9)) | U43: 22800 | V43: =B43*$R$8 -> #N/A | W43: =C43*$R$8 -> #N/A | X43: =D43*$R$8 -> #N/A
A44: 23400 | B44: 255 | C44: 0 | D44: 0 | E44: =IF(F44="","",E43+1) | F44: =IF(G44="","",B44) | G44: =IF(SUM($H$5:H43)<1,C44,"") | H44: =IF(MAX($C$5:$C$105)=C44,1,"") | I44: =C44^2-$C$5^2 -> -1.7161 | J44: =IF(AND($R$40>F44,NOT(G44="")),F44,"") | K44: =IF(AND($R$40>F44,NOT(G44="")),I44,"") | L44: =IF(G44="",L43,F44*$R$6*(100/$R$5)) -> 3354.303 | M44: =IF(G44="",M43,(F44-$F$5)/G44) -> 52.77221 | N44: =IF(F44="","",(F44-(E44*$R$71+$R$72))*100/(MAX($F$5:$F$105)*0.9)) | U44: 23400 | V44: =B44*$R$8 -> #N/A | W44: =C44*$R$8 -> #N/A | X44: =D44*$R$8 -> #N/A
A45: 24000 | B45: 255 | C45: 0 | D45: 0 | E45: =IF(F45="","",E44+1) | F45: =IF(G45="","",B45) | G45: =IF(SUM($H$5:H44)<1,C45,"") | H45: =IF(MAX($C$5:$C$105)=C45,1,"") | I45: =C45^2-$C$5^2 -> -1.7161 | J45: =IF(AND($R$40>F45,NOT(G45="")),F45,"") | K45: =IF(AND($R$40>F45,NOT(G45="")),I45,"") | L45: =IF(G45="",L44,F45*$R$6*(100/$R$5)) -> 3354.303 | M45: =IF(G45="",M44,(F45-$F$5)/G45) -> 52.77221 | N45: =IF(F45="","",(F45-(E45*$R$71+$R$72))*100/(MAX($F$5:$F$105)*0.9)) | U45: 24000 | V45: =B45*$R$8 -> #N/A | W45: =C45*$R$8 -> #N/A | X45: =D45*$R$8 -> #N/A
A46: 24600 | B46: 255 | C46: 0 | D46: 0 | E46: =IF(F46="","",E45+1) | F46: =IF(G46="","",B46) | G46: =IF(SUM($H$5:H45)<1,C46,"") | H46: =IF(MAX($C$5:$C$105)=C46,1,"") | I46: =C46^2-$C$5^2 -> -1.7161 | J46: =IF(AND($R$40>F46,NOT(G46="")),F46,"") | K46: =IF(AND($R$40>F46,NOT(G46="")),I46,"") | L46: =IF(G46="",L45,F46*$R$6*(100/$R$5)) -> 3354.303 | M46: =IF(G46="",M45,(F46-$F$5)/G46) -> 52.77221 | N46: =IF(F46="","",(F46-(E46*$R$71+$R$72))*100/(MAX($F$5:$F$105)*0.9)) | U46: 24600 | V46: =B46*$R$8 -> #N/A | W46: =C46*$R$8 -> #N/A | X46: =D46*$R$8 -> #N/A
A47: 25200 | B47: 255 | C47: 0 | D47: 0 | E47: =IF(F47="","",E46+1) | F47: =IF(G47="","",B47) | G47: =IF(SUM($H$5:H46)<1,C47,"") | H47: =IF(MAX($C$5:$C$105)=C47,1,"") | I47: =C47^2-$C$5^2 -> -1.7161 | J47: =IF(AND($R$40>F47,NOT(G47="")),F47,"") | K47: =IF(AND($R$40>F47,NOT(G47="")),I47,"") | L47: =IF(G47="",L46,F47*$R$6*(100/$R$5)) -> 3354.303 | M47: =IF(G47="",M46,(F47-$F$5)/G47) -> 52.77221 | N47: =IF(F47="","",(F47-(E47*$R$71+$R$72))*100/(MAX($F$5:$F$105)*0.9)) | U47: 25200 | V47: =B47*$R$8 -> #N/A | W47: =C47*$R$8 -> #N/A | X47: =D47*$R$8 -> #N/A
A48: 25800 | B48: 255 | C48: 0 | D48: 0 | E48: =IF(F48="","",E47+1) | F48: =IF(G48="","",B48) | G48: =IF(SUM($H$5:H47)<1,C48,"") | H48: =IF(MAX($C$5:$C$105)=C48,1,"") | I48: =C48^2-$C$5^2 -> -1.7161 | J48: =IF(AND($R$40>F48,NOT(G48="")),F48,"") | K48: =IF(AND($R$40>F48,NOT(G48="")),I48,"") | L48: =IF(G48="",L47,F48*$R$6*(100/$R$5)) -> 3354.303 | M48: =IF(G48="",M47,(F48-$F$5)/G48) -> 52.77221 | N48: =IF(F48="","",(F48-(E48*$R$71+$R$72))*100/(MAX($F$5:$F$105)*0.9)) | U48: 25800 | V48: =B48*$R$8 -> #N/A | W48: =C48*$R$8 -> #N/A | X48: =D48*$R$8 -> #N/A
A49: 26400 | B49: 255 | C49: 0 | D49: 0 | E49: =IF(F49="","",E48+1) | F49: =IF(G49="","",B49) | G49: =IF(SUM($H$5:H48)<1,C49,"") | H49: =IF(MAX($C$5:$C$105)=C49,1,"") | I49: =C49^2-$C$5^2 -> -1.7161 | J49: =IF(AND($R$40>F49,NOT(G49="")),F49,"") | K49: =IF(AND($R$40>F49,NOT(G49="")),I49,"") | L49: =IF(G49="",L48,F49*$R$6*(100/$R$5)) -> 3354.303 | M49: =IF(G49="",M48,(F49-$F$5)/G49) -> 52.77221 | N49: =IF(F49="","",(F49-(E49*$R$71+$R$72))*100/(MAX($F$5:$F$105)*0.9)) | U49: 26400 | V49: =B49*$R$8 -> #N/A | W49: =C49*$R$8 -> #N/A | X49: =D49*$R$8 -> #N/A
A50: 27000 | B50: 255 | C50: 0 | D50: 0 | E50: =IF(F50="","",E49+1) | F50: =IF(G50="","",B50) | G50: =IF(SUM($H$5:H49)<1,C50,"") | H50: =IF(MAX($C$5:$C$105)=C50,1,"") | I50: =C50^2-$C$5^2 -> -1.7161 | J50: =IF(AND($R$40>F50,NOT(G50="")),F50,"") | K50: =IF(AND($R$40>F50,NOT(G50="")),I50,"") | L50: =IF(G50="",L49,F50*$R$6*(100/$R$5)) -> 3354.303 | M50: =IF(G50="",M49,(F50-$F$5)/G50) -> 52.77221 | N50: =IF(F50="","",(F50-(E50*$R$71+$R$72))*100/(MAX($F$5:$F$105)*0.9)) | U50: 27000 | V50: =B50*$R$8 -> #N/A | W50: =C50*$R$8 -> #N/A | X50: =D50*$R$8 -> #N/A
A51: 27600 | B51: 255 | C51: 0 | D51: 0 | E51: =IF(F51="","",E50+1) | F51: =IF(G51="","",B51) | G51: =IF(SUM($H$5:H50)<1,C51,"") | H51: =IF(MAX($C$5:$C$105)=C51,1,"") | I51: =C51^2-$C$5^2 -> -1.7161 | J51: =IF(AND($R$40>F51,NOT(G51="")),F51,"") | K51: =IF(AND($R$40>F51,NOT(G51="")),I51,"") | L51: =IF(G51="",L50,F51*$R$6*(100/$R$5)) -> 3354.303 | M51: =IF(G51="",M50,(F51-$F$5)/G51) -> 52.77221 | N51: =IF(F51="","",(F51-(E51*$R$71+$R$72))*100/(MAX($F$5:$F$105)*0.9)) | U51: 27600 | V51: =B51*$R$8 -> #N/A | W51: =C51*$R$8 -> #N/A | X51: =D51*$R$8 -> #N/A
A52: 28200 | B52: 255 | C52: 0 | D52: 0 | E52: =IF(F52="","",E51+1) | F52: =IF(G52="","",B52) | G52: =IF(SUM($H$5:H51)<1,C52,"") | H52: =IF(MAX($C$5:$C$105)=C52,1,"") | I52: =C52^2-$C$5^2 -> -1.7161 | J52: =IF(AND($R$40>F52,NOT(G52="")),F52,"") | K52: =IF(AND($R$40>F52,NOT(G52="")),I52,"") | L52: =IF(G52="",L51,F52*$R$6*(100/$R$5)) -> 3354.303 | M52: =IF(G52="",M51,(F52-$F$5)/G52) -> 52.77221 | N52: =IF(F52="","",(F52-(E52*$R$71+$R$72))*100/(MAX($F$5:$F$105)*0.9)) | U52: 28200 | V52: =B52*$R$8 -> #N/A | W52: =C52*$R$8 -> #N/A | X52: =D52*$R$8 -> #N/A
A53: 28800 | B53: 255 | C53: 0 | D53: 0 | E53: =IF(F53="","",E52+1) | F53: =IF(G53="","",B53) | G53: =IF(SUM($H$5:H52)<1,C53,"") | H53: =IF(MAX($C$5:$C$105)=C53,1,"") | I53: =C53^2-$C$5^2 -> -1.7161 | J53: =IF(AND($R$40>F53,NOT(G53="")),F53,"") | K53: =IF(AND($R$40>F53,NOT(G53="")),I53,"") | L53: =IF(G53="",L52,F53*$R$6*(100/$R$5)) -> 3354.303 | M53: =IF(G53="",M52,(F53-$F$5)/G53) -> 52.77221 | N53: =IF(F53="","",(F53-(E53*$R$71+$R$72))*100/(MAX($F$5:$F$105)*0.9)) | U53: 28800 | V53: =B53*$R$8 -> #N/A | W53: =C53*$R$8 -> #N/A | X53: =D53*$R$8 -> #N/A
A54: 29400 | B54: 255 | C54: 0 | D54: 0 | E54: =IF(F54="","",E53+1) | F54: =IF(G54="","",B54) | G54: =IF(SUM($H$5:H53)<1,C54,"") | H54: =IF(MAX($C$5:$C$105)=C54,1,"") | I54: =C54^2-$C$5^2 -> -1.7161 | J54: =IF(AND($R$40>F54,NOT(G54="")),F54,"") | K54: =IF(AND($R$40>F54,NOT(G54="")),I54,"") | L54: =IF(G54="",L53,F54*$R$6*(100/$R$5)) -> 3354.303 | M54: =IF(G54="",M53,(F54-$F$5)/G54) -> 52.77221 | N54: =IF(F54="","",(F54-(E54*$R$71+$R$72))*100/(MAX($F$5:$F$105)*0.9)) | U54: 29400 | V54: =B54*$R$8 -> #N/A | W54: =C54*$R$8 -> #N/A | X54: =D54*$R$8 -> #N/A
A55: 30000 | B55: 255 | C55: 0 | D55: 0 | E55: =IF(F55="","",E54+1) | F55: =IF(G55="","",B55) | G55: =IF(SUM($H$5:H54)<1,C55,"") | H55: =IF(MAX($C$5:$C$105)=C55,1,"") | I55: =C55^2-$C$5^2 -> -1.7161 | J55: =IF(AND($R$40>F55,NOT(G55="")),F55,"") | K55: =IF(AND($R$40>F55,NOT(G55="")),I55,"") | L55: =IF(G55="",L54,F55*$R$6*(100/$R$5)) -> 3354.303 | M55: =IF(G55="",M54,(F55-$F$5)/G55) -> 52.77221 | N55: =IF(F55="","",(F55-(E55*$R$71+$R$72))*100/(MAX($F$5:$F$105)*0.9)) | U55: 30000 | V55: =B55*$R$8 -> #N/A | W55: =C55*$R$8 -> #N/A | X55: =D55*$R$8 -> #N/A
E56: =IF(F56="","",E55+1) | F56: =IF(G56="","",B56) | G56: =IF(SUM($H$5:H55)<1,C56,"") | H56: =IF(MAX($C$5:$C$105)=C56,1,"") | I56: =C56^2-$C$5^2 -> -1.7161 | J56: =IF(AND($R$40>F56,NOT(G56="")),F56,"") | K56: =IF(AND($R$40>F56,NOT(G56="")),I56,"") | L56: =IF(G56="",L55,F56*$R$6*(100/$R$5)) -> 3354.303 | M56: =IF(G56="",M55,(F56-$F$5)/G56) -> 52.77221 | N56: =IF(F56="","",(F56-(E56*$R$71+$R$72))*100/(MAX($F$5:$F$105)*0.9)) | V56: =B56*$R$8 -> #N/A | W56: =C56*$R$8 -> #N/A | X56: =D56*$R$8 -> #N/A
E57: =IF(F57="","",E56+1) | F57: =IF(G57="","",B57) | G57: =IF(SUM($H$5:H56)<1,C57,"") | H57: =IF(MAX($C$5:$C$105)=C57,1,"") | I57: =C57^2-$C$5^2 -> -1.7161 | J57: =IF(AND($R$40>F57,NOT(G57="")),F57,"") | K57: =IF(AND($R$40>F57,NOT(G57="")),I57,"") | L57: =IF(G57="",L56,F57*$R$6*(100/$R$5)) -> 3354.303 | M57: =IF(G57="",M56,(F57-$F$5)/G57) -> 52.77221 | N57: =IF(F57="","",(F57-(E57*$R$71+$R$72))*100/(MAX($F$5:$F$105)*0.9)) | V57: =B57*$R$8 -> #N/A | W57: =C57*$R$8 -> #N/A | X57: =D57*$R$8 -> #N/A
E58: =IF(F58="","",E57+1) | F58: =IF(G58="","",B58) | G58: =IF(SUM($H$5:H57)<1,C58,"") | H58: =IF(MAX($C$5:$C$105)=C58,1,"") | I58: =C58^2-$C$5^2 -> -1.7161 | J58: =IF(AND($R$40>F58,NOT(G58="")),F58,"") | K58: =IF(AND($R$40>F58,NOT(G58="")),I58,"") | L58: =IF(G58="",L57,F58*$R$6*(100/$R$5)) -> 3354.303 | M58: =IF(G58="",M57,(F58-$F$5)/G58) -> 52.77221 | N58: =IF(F58="","",(F58-(E58*$R$71+$R$72))*100/(MAX($F$5:$F$105)*0.9)) | V58: =B58*$R$8 -> #N/A | W58: =C58*$R$8 -> #N/A | X58: =D58*$R$8 -> #N/A
E59: =IF(F59="","",E58+1) | F59: =IF(G59="","",B59) | G59: =IF(SUM($H$5:H58)<1,C59,"") | H59: =IF(MAX($C$5:$C$105)=C59,1,"") | I59: =C59^2-$C$5^2 -> -1.7161 | J59: =IF(AND($R$40>F59,NOT(G59="")),F59,"") | K59: =IF(AND($R$40>F59,NOT(G59="")),I59,"") | L59: =IF(G59="",L58,F59*$R$6*(100/$R$5)) -> 3354.303 | M59: =IF(G59="",M58,(F59-$F$5)/G59) -> 52.77221 | N59: =IF(F59="","",(F59-(E59*$R$71+$R$72))*100/(MAX($F$5:$F$105)*0.9)) | V59: =B59*$R$8 -> #N/A | W59: =C59*$R$8 -> #N/A | X59: =D59*$R$8 -> #N/A
E60: =IF(F60="","",E59+1) | F60: =IF(G60="","",B60) | G60: =IF(SUM($H$5:H59)<1,C60,"") | H60: =IF(MAX($C$5:$C$105)=C60,1,"") | I60: =C60^2-$C$5^2 -> -1.7161 | J60: =IF(AND($R$40>F60,NOT(G60="")),F60,"") | K60: =IF(AND($R$40>F60,NOT(G60="")),I60,"") | L60: =IF(G60="",L59,F60*$R$6*(100/$R$5)) -> 3354.303 | M60: =IF(G60="",M59,(F60-$F$5)/G60) -> 52.77221 | N60: =IF(F60="","",(F60-(E60*$R$71+$R$72))*100/(MAX($F$5:$F$105)*0.9)) | V60: =B60*$R$8 -> #N/A | W60: =C60*$R$8 -> #N/A | X60: =D60*$R$8 -> #N/A
E61: =IF(F61="","",E60+1) | F61: =IF(G61="","",B61) | G61: =IF(SUM($H$5:H60)<1,C61,"") | H61: =IF(MAX($C$5:$C$105)=C61,1,"") | I61: =C61^2-$C$5^2 -> -1.7161 | J61: =IF(AND($R$40>F61,NOT(G61="")),F61,"") | K61: =IF(AND($R$40>F61,NOT(G61="")),I61,"") | L61: =IF(G61="",L60,F61*$R$6*(100/$R$5)) -> 3354.303 | M61: =IF(G61="",M60,(F61-$F$5)/G61) -> 52.77221 | N61: =IF(F61="","",(F61-(E61*$R$71+$R$72))*100/(MAX($F$5:$F$105)*0.9)) | V61: =B61*$R$8 -> #N/A | W61: =C61*$R$8 -> #N/A | X61: =D61*$R$8 -> #N/A
E62: =IF(F62="","",E61+1) | F62: =IF(G62="","",B62) | G62: =IF(SUM($H$5:H61)<1,C62,"") | H62: =IF(MAX($C$5:$C$105)=C62,1,"") | I62: =C62^2-$C$5^2 -> -1.7161 | J62: =IF(AND($R$40>F62,NOT(G62="")),F62,"") | K62: =IF(AND($R$40>F62,NOT(G62="")),I62,"") | L62: =IF(G62="",L61,F62*$R$6*(100/$R$5)) -> 3354.303 | M62: =IF(G62="",M61,(F62-$F$5)/G62) -> 52.77221 | N62: =IF(F62="","",(F62-(E62*$R$71+$R$72))*100/(MAX($F$5:$F$105)*0.9)) | V62: =B62*$R$8 -> #N/A | W62: =C62*$R$8 -> #N/A | X62: =D62*$R$8 -> #N/A
E63: =IF(F63="","",E62+1) | F63: =IF(G63="","",B63) | G63: =IF(SUM($H$5:H62)<1,C63,"") | H63: =IF(MAX($C$5:$C$105)=C63,1,"") | I63: =C63^2-$C$5^2 -> -1.7161 | J63: =IF(AND($R$40>F63,NOT(G63="")),F63,"") | K63: =IF(AND($R$40>F63,NOT(G63="")),I63,"") | L63: =IF(G63="",L62,F63*$R$6*(100/$R$5)) -> 3354.303 | M63: =IF(G63="",M62,(F63-$F$5)/G63) -> 52.77221 | N63: =IF(F63="","",(F63-(E63*$R$71+$R$72))*100/(MAX($F$5:$F$105)*0.9)) | V63: =B63*$R$8 -> #N/A | W63: =C63*$R$8 -> #N/A | X63: =D63*$R$8 -> #N/A
E64: =IF(F64="","",E63+1) | F64: =IF(G64="","",B64) | G64: =IF(SUM($H$5:H63)<1,C64,"") | H64: =IF(MAX($C$5:$C$105)=C64,1,"") | I64: =C64^2-$C$5^2 -> -1.7161 | J64: =IF(AND($R$40>F64,NOT(G64="")),F64,"") | K64: =IF(AND($R$40>F64,NOT(G64="")),I64,"") | L64: =IF(G64="",L63,F64*$R$6*(100/$R$5)) -> 3354.303 | M64: =IF(G64="",M63,(F64-$F$5)/G64) -> 52.77221 | N64: =IF(F64="","",(F64-(E64*$R$71+$R$72))*100/(MAX($F$5:$F$105)*0.9)) | V64: =B64*$R$8 -> #N/A | W64: =C64*$R$8 -> #N/A | X64: =D64*$R$8 -> #N/A
E65: =IF(F65="","",E64+1) | F65: =IF(G65="","",B65) | G65: =IF(SUM($H$5:H64)<1,C65,"") | H65: =IF(MAX($C$5:$C$105)=C65,1,"") | I65: =C65^2-$C$5^2 -> -1.7161 | J65: =IF(AND($R$40>F65,NOT(G65="")),F65,"") | K65: =IF(AND($R$40>F65,NOT(G65="")),I65,"") | L65: =IF(G65="",L64,F65*$R$6*(100/$R$5)) -> 3354.303 | M65: =IF(G65="",M64,(F65-$F$5)/G65) -> 52.77221 | N65: =IF(F65="","",(F65-(E65*$R$71+$R$72))*100/(MAX($F$5:$F$105)*0.9)) | V65: =B65*$R$8 -> #N/A | W65: =C65*$R$8 -> #N/A | X65: =D65*$R$8 -> #N/A
E66: =IF(F66="","",E65+1) | F66: =IF(G66="","",B66) | G66: =IF(SUM($H$5:H65)<1,C66,"") | H66: =IF(MAX($C$5:$C$105)=C66,1,"") | I66: =C66^2-$C$5^2 -> -1.7161 | J66: =IF(AND($R$40>F66,NOT(G66="")),F66,"") | K66: =IF(AND($R$40>F66,NOT(G66="")),I66,"") | L66: =IF(G66="",L65,F66*$R$6*(100/$R$5)) -> 3354.303 | M66: =IF(G66="",M65,(F66-$F$5)/G66) -> 52.77221 | N66: =IF(F66="","",(F66-(E66*$R$71+$R$72))*100/(MAX($F$5:$F$105)*0.9)) | V66: =B66*$R$8 -> #N/A | W66: =C66*$R$8 -> #N/A | X66: =D66*$R$8 -> #N/A
E67: =IF(F67="","",E66+1) | F67: =IF(G67="","",B67) | G67: =IF(SUM($H$5:H66)<1,C67,"") | H67: =IF(MAX($C$5:$C$105)=C67,1,"") | I67: =C67^2-$C$5^2 -> -1.7161 | J67: =IF(AND($R$40>F67,NOT(G67="")),F67,"") | K67: =IF(AND($R$40>F67,NOT(G67="")),I67,"") | L67: =IF(G67="",L66,F67*$R$6*(100/$R$5)) -> 3354.303 | M67: =IF(G67="",M66,(F67-$F$5)/G67) -> 52.77221 | N67: =IF(F67="","",(F67-(E67*$R$71+$R$72))*100/(MAX($F$5:$F$105)*0.9)) | V67: =B67*$R$8 -> #N/A | W67: =C67*$R$8 -> #N/A | X67: =D67*$R$8 -> #N/A
... E70: =IF(F70="","",E69+1) | F70: =IF(G70="","",B70) | G70: =IF(SUM($H$5:H69)<1,C70,"") | H70: =IF(MAX($C$5:$C$105)=C70,1,"") | I70: =C70^2-$C$5^2 -> -1.7161 | J70: =IF(AND($R$40>F70,NOT(G70="")),F70,"") | K70: =IF(AND($R$40>F70,NOT(G70="")),I70,"") | L70: =IF(G70="",L69,F70*$R$6*(100/$R$5)) -> 3354.303 | M70: =IF(G70="",M69,(F70-$F$5)/G70) -> 52.77221 | N70: =IF(F70="","",(F70-(E70*$R$71+$R$72))*100/(MAX($F$5:$F$105)*0.9)) | V70: =B70*$R$8 -> #N/A | W70: =C70*$R$8 -> #N/A | X70: =D70*$R$8 -> #N/A
E71: =IF(F71="","",E70+1) | F71: =IF(G71="","",B71) | G71: =IF(SUM($H$5:H70)<1,C71,"") | H71: =IF(MAX($C$5:$C$105)=C71,1,"") | I71: =C71^2-$C$5^2 -> -1.7161 | J71: =IF(AND($R$40>F71,NOT(G71="")),F71,"") | K71: =IF(AND($R$40>F71,NOT(G71="")),I71,"") | L71: =IF(G71="",L70,F71*$R$6*(100/$R$5)) -> 3354.303 | M71: =IF(G71="",M70,(F71-$F$5)/G71) -> 52.77221 | N71: =IF(F71="","",(F71-(E71*$R$71+$R$72))*100/(MAX($F$5:$F$105)*0.9)) | Q71: 기울기 | R71: =(MATCH(MAX(G5:G105),G5:G105)*SUMPRODUCT(E5:E105,F5:F105)-SUM(E5:E105)*SUM(F5:F105))/(MATCH(MAX(G5:G105),G5:G105)*SUMSQ(E5:E105) - SUM(E5:E105)^2) -> 7.2318382 | V71: =B71*$R$8 -> #N/A | W71: =C71*$R$8 -> #N/A | X71: =D71*$R$8 -> #N/A
E72: =IF(F72="","",E71+1) | F72: =IF(G72="","",B72) | G72: =IF(SUM($H$5:H71)<1,C72,"") | H72: =IF(MAX($C$5:$C$105)=C72,1,"") | I72: =C72^2-$C$5^2 -> -1.7161 | J72: =IF(AND($R$40>F72,NOT(G72="")),F72,"") | K72: =IF(AND($R$40>F72,NOT(G72="")),I72,"") | L72: =IF(G72="",L71,F72*$R$6*(100/$R$5)) -> 3354.303 | M72: =IF(G72="",M71,(F72-$F$5)/G72) -> 52.77221 | N72: =IF(F72="","",(F72-(E72*$R$71+$R$72))*100/(MAX($F$5:$F$105)*0.9)) | Q72: 오프셋 | R72: =(SUM(F5:F105)*SUMSQ(E5:E105) - SUM(E5:E105)*SUMPRODUCT(E5:E105,F5:F105))/( MATCH(MAX(E5:E105),E5:E105)*SUMSQ(E5:E105) - SUM(E5:E105)^2) -> 4.7360428 | V72: =B72*$R$8 -> #N/A | W72: =C72*$R$8 -> #N/A | X72: =D72*$R$8 -> #N/A
E73: =IF(F73="","",E72+1) | F73: =IF(G73="","",B73) | G73: =IF(SUM($H$5:H72)<1,C73,"") | H73: =IF(MAX($C$5:$C$105)=C73,1,"") | I73: =C73^2-$C$5^2 -> -1.7161 | J73: =IF(AND($R$40>F73,NOT(G73="")),F73,"") | K73: =IF(AND($R$40>F73,NOT(G73="")),I73,"") | L73: =IF(G73="",L72,F73*$R$6*(100/$R$5)) -> 3354.303 | M73: =IF(G73="",M72,(F73-$F$5)/G73) -> 52.77221 | N73: =IF(F73="","",(F73-(E73*$R$71+$R$72))*100/(MAX($F$5:$F$105)*0.9)) | Q73: 선형성 에러(%) | R73: =(MAX(N5:N105)-MIN(N5:N105))/2 -> 1.0849081 | V73: =B73*$R$8 -> #N/A | W73: =C73*$R$8 -> #N/A | X73: =D73*$R$8 -> #N/A
E74: =IF(F74="","",E73+1) | F74: =IF(G74="","",B74) | G74: =IF(SUM($H$5:H73)<1,C74,"") | H74: =IF(MAX($C$5:$C$105)=C74,1,"") | I74: =C74^2-$C$5^2 -> -1.7161 | J74: =IF(AND($R$40>F74,NOT(G74="")),F74,"") | K74: =IF(AND($R$40>F74,NOT(G74="")),I74,"") | L74: =IF(G74="",L73,F74*$R$6*(100/$R$5)) -> 3354.303 | M74: =IF(G74="",M73,(F74-$F$5)/G74) -> 52.77221 | N74: =IF(F74="","",(F74-(E74*$R$71+$R$72))*100/(MAX($F$5:$F$105)*0.9)) | V74: =B74*$R$8 -> #N/A | W74: =C74*$R$8 -> #N/A | X74: =D74*$R$8 -> #N/A
E75: =IF(F75="","",E74+1) | F75: =IF(G75="","",B75) | G75: =IF(SUM($H$5:H74)<1,C75,"") | H75: =IF(MAX($C$5:$C$105)=C75,1,"") | I75: =C75^2-$C$5^2 -> -1.7161 | J75: =IF(AND($R$40>F75,NOT(G75="")),F75,"") | K75: =IF(AND($R$40>F75,NOT(G75="")),I75,"") | L75: =IF(G75="",L74,F75*$R$6*(100/$R$5)) -> 3354.303 | M75: =IF(G75="",M74,(F75-$F$5)/G75) -> 52.77221 | N75: =IF(F75="","",(F75-(E75*$R$71+$R$72))*100/(MAX($F$5:$F$105)*0.9)) | Q75: fit | R75: 0 | S75: =R72 -> 4.7360428 | V75: =B75*$R$8 -> #N/A | W75: =C75*$R$8 -> #N/A | X75: =D75*$R$8 -> #N/A
E76: =IF(F76="","",E75+1) | F76: =IF(G76="","",B76) | G76: =IF(SUM($H$5:H75)<1,C76,"") | H76: =IF(MAX($C$5:$C$105)=C76,1,"") | I76: =C76^2-$C$5^2 -> -1.7161 | J76: =IF(AND($R$40>F76,NOT(G76="")),F76,"") | K76: =IF(AND($R$40>F76,NOT(G76="")),I76,"") | L76: =IF(G76="",L75,F76*$R$6*(100/$R$5)) -> 3354.303 | M76: =IF(G76="",M75,(F76-$F$5)/G76) -> 52.77221 | N76: =IF(F76="","",(F76-(E76*$R$71+$R$72))*100/(MAX($F$5:$F$105)*0.9)) | R76: =MAX(L5:L105) -> 3354.303 | S76: =R71*MAX(E5:E105)+R75 -> 231.41882 | V76: =B76*$R$8 -> #N/A | W76: =C76*$R$8 -> #N/A | X76: =D76*$R$8 -> #N/A
E77: =IF(F77="","",E76+1) | F77: =IF(G77="","",B77) | G77: =IF(SUM($H$5:H76)<1,C77,"") | H77: =IF(MAX($C$5:$C$105)=C77,1,"") | I77: =C77^2-$C$5^2 -> -1.7161 | J77: =IF(AND($R$40>F77,NOT(G77="")),F77,"") | K77: =IF(AND($R$40>F77,NOT(G77="")),I77,"") | L77: =IF(G77="",L76,F77*$R$6*(100/$R$5)) -> 3354.303 | M77: =IF(G77="",M76,(F77-$F$5)/G77) -> 52.77221 | N77: =IF(F77="","",(F77-(E77*$R$71+$R$72))*100/(MAX($F$5:$F$105)*0.9)) | V77: =B77*$R$8 -> #N/A | W77: =C77*$R$8 -> #N/A | X77: =D77*$R$8 -> #N/A
E78: =IF(F78="","",E77+1) | F78: =IF(G78="","",B78) | G78: =IF(SUM($H$5:H77)<1,C78,"") | H78: =IF(MAX($C$5:$C$105)=C78,1,"") | I78: =C78^2-$C$5^2 -> -1.7161 | J78: =IF(AND($R$40>F78,NOT(G78="")),F78,"") | K78: =IF(AND($R$40>F78,NOT(G78="")),I78,"") | L78: =IF(G78="",L77,F78*$R$6*(100/$R$5)) -> 3354.303 | M78: =IF(G78="",M77,(F78-$F$5)/G78) -> 52.77221 | N78: =IF(F78="","",(F78-(E78*$R$71+$R$72))*100/(MAX($F$5:$F$105)*0.9)) | V78: =B78*$R$8 -> #N/A | W78: =C78*$R$8 -> #N/A | X78: =D78*$R$8 -> #N/A
E79: =IF(F79="","",E78+1) | F79: =IF(G79="","",B79) | G79: =IF(SUM($H$5:H78)<1,C79,"") | H79: =IF(MAX($C$5:$C$105)=C79,1,"") | I79: =C79^2-$C$5^2 -> -1.7161 | J79: =IF(AND($R$40>F79,NOT(G79="")),F79,"") | K79: =IF(AND($R$40>F79,NOT(G79="")),I79,"") | L79: =IF(G79="",L78,F79*$R$6*(100/$R$5)) -> 3354.303 | M79: =IF(G79="",M78,(F79-$F$5)/G79) -> 52.77221 | N79: =IF(F79="","",(F79-(E79*$R$71+$R$72))*100/(MAX($F$5:$F$105)*0.9)) | V79: =B79*$R$8 -> #N/A | W79: =C79*$R$8 -> #N/A | X79: =D79*$R$8 -> #N/A
E80: =IF(F80="","",E79+1) | F80: =IF(G80="","",B80) | G80: =IF(SUM($H$5:H79)<1,C80,"") | H80: =IF(MAX($C$5:$C$105)=C80,1,"") | I80: =C80^2-$C$5^2 -> -1.7161 | J80: =IF(AND($R$40>F80,NOT(G80="")),F80,"") | K80: =IF(AND($R$40>F80,NOT(G80="")),I80,"") | L80: =IF(G80="",L79,F80*$R$6*(100/$R$5)) -> 3354.303 | M80: =IF(G80="",M79,(F80-$F$5)/G80) -> 52.77221 | N80: =IF(F80="","",(F80-(E80*$R$71+$R$72))*100/(MAX($F$5:$F$105)*0.9)) | V80: =B80*$R$8 -> #N/A | W80: =C80*$R$8 -> #N/A | X80: =D80*$R$8 -> #N/A
E81: =IF(F81="","",E80+1) | F81: =IF(G81="","",B81) | G81: =IF(SUM($H$5:H80)<1,C81,"") | H81: =IF(MAX($C$5:$C$105)=C81,1,"") | I81: =C81^2-$C$5^2 -> -1.7161 | J81: =IF(AND($R$40>F81,NOT(G81="")),F81,"") | K81: =IF(AND($R$40>F81,NOT(G81="")),I81,"") | L81: =IF(G81="",L80,F81*$R$6*(100/$R$5)) -> 3354.303 | M81: =IF(G81="",M80,(F81-$F$5)/G81) -> 52.77221 | N81: =IF(F81="","",(F81-(E81*$R$71+$R$72))*100/(MAX($F$5:$F$105)*0.9)) | V81: =B81*$R$8 -> #N/A | W81: =C81*$R$8 -> #N/A | X81: =D81*$R$8 -> #N/A
E82: =IF(F82="","",E81+1) | F82: =IF(G82="","",B82) | G82: =IF(SUM($H$5:H81)<1,C82,"") | H82: =IF(MAX($C$5:$C$105)=C82,1,"") | I82: =C82^2-$C$5^2 -> -1.7161 | J82: =IF(AND($R$40>F82,NOT(G82="")),F82,"") | K82: =IF(AND($R$40>F82,NOT(G82="")),I82,"") | L82: =IF(G82="",L81,F82*$R$6*(100/$R$5)) -> 3354.303 | M82: =IF(G82="",M81,(F82-$F$5)/G82) -> 52.77221 | N82: =IF(F82="","",(F82-(E82*$R$71+$R$72))*100/(MAX($F$5:$F$105)*0.9)) | V82: =B82*$R$8 -> #N/A | W82: =C82*$R$8 -> #N/A | X82: =D82*$R$8 -> #N/A
E83: =IF(F83="","",E82+1) | F83: =IF(G83="","",B83) | G83: =IF(SUM($H$5:H82)<1,C83,"") | H83: =IF(MAX($C$5:$C$105)=C83,1,"") | I83: =C83^2-$C$5^2 -> -1.7161 | J83: =IF(AND($R$40>F83,NOT(G83="")),F83,"") | K83: =IF(AND($R$40>F83,NOT(G83="")),I83,"") | L83: =IF(G83="",L82,F83*$R$6*(100/$R$5)) -> 3354.303 | M83: =IF(G83="",M82,(F83-$F$5)/G83) -> 52.77221 | N83: =IF(F83="","",(F83-(E83*$R$71+$R$72))*100/(MAX($F$5:$F$105)*0.9)) | V83: =B83*$R$8 -> #N/A | W83: =C83*$R$8 -> #N/A | X83: =D83*$R$8 -> #N/A
E84: =IF(F84="","",E83+1) | F84: =IF(G84="","",B84) | G84: =IF(SUM($H$5:H83)<1,C84,"") | H84: =IF(MAX($C$5:$C$105)=C84,1,"") | I84: =C84^2-$C$5^2 -> -1.7161 | J84: =IF(AND($R$40>F84,NOT(G84="")),F84,"") | K84: =IF(AND($R$40>F84,NOT(G84="")),I84,"") | L84: =IF(G84="",L83,F84*$R$6*(100/$R$5)) -> 3354.303 | M84: =IF(G84="",M83,(F84-$F$5)/G84) -> 52.77221 | N84: =IF(F84="","",(F84-(E84*$R$71+$R$72))*100/(MAX($F$5:$F$105)*0.9)) | V84: =B84*$R$8 -> #N/A | W84: =C84*$R$8 -> #N/A | X84: =D84*$R$8 -> #N/A
E85: =IF(F85="","",E84+1) | F85: =IF(G85="","",B85) | G85: =IF(SUM($H$5:H84)<1,C85,"") | H85: =IF(MAX($C$5:$C$105)=C85,1,"") | I85: =C85^2-$C$5^2 -> -1.7161 | J85: =IF(AND($R$40>F85,NOT(G85="")),F85,"") | K85: =IF(AND($R$40>F85,NOT(G85="")),I85,"") | L85: =IF(G85="",L84,F85*$R$6*(100/$R$5)) -> 3354.303 | M85: =IF(G85="",M84,(F85-$F$5)/G85) -> 52.77221 | N85: =IF(F85="","",(F85-(E85*$R$71+$R$72))*100/(MAX($F$5:$F$105)*0.9)) | V85: =B85*$R$8 -> #N/A | W85: =C85*$R$8 -> #N/A | X85: =D85*$R$8 -> #N/A
E86: =IF(F86="","",E85+1) | F86: =IF(G86="","",B86) | G86: =IF(SUM($H$5:H85)<1,C86,"") | H86: =IF(MAX($C$5:$C$105)=C86,1,"") | I86: =C86^2-$C$5^2 -> -1.7161 | J86: =IF(AND($R$40>F86,NOT(G86="")),F86,"") | K86: =IF(AND($R$40>F86,NOT(G86="")),I86,"") | L86: =IF(G86="",L85,F86*$R$6*(100/$R$5)) -> 3354.303 | M86: =IF(G86="",M85,(F86-$F$5)/G86) -> 52.77221 | N86: =IF(F86="","",(F86-(E86*$R$71+$R$72))*100/(MAX($F$5:$F$105)*0.9)) | V86: =B86*$R$8 -> #N/A | W86: =C86*$R$8 -> #N/A | X86: =D86*$R$8 -> #N/A
E87: =IF(F87="","",E86+1) | F87: =IF(G87="","",B87) | G87: =IF(SUM($H$5:H86)<1,C87,"") | H87: =IF(MAX($C$5:$C$105)=C87,1,"") | I87: =C87^2-$C$5^2 -> -1.7161 | J87: =IF(AND($R$40>F87,NOT(G87="")),F87,"") | K87: =IF(AND($R$40>F87,NOT(G87="")),I87,"") | L87: =IF(G87="",L86,F87*$R$6*(100/$R$5)) -> 3354.303 | M87: =IF(G87="",M86,(F87-$F$5)/G87) -> 52.77221 | N87: =IF(F87="","",(F87-(E87*$R$71+$R$72))*100/(MAX($F$5:$F$105)*0.9)) | V87: =B87*$R$8 -> #N/A | W87: =C87*$R$8 -> #N/A | X87: =D87*$R$8 -> #N/A
E88: =IF(F88="","",E87+1) | F88: =IF(G88="","",B88) | G88: =IF(SUM($H$5:H87)<1,C88,"") | H88: =IF(MAX($C$5:$C$105)=C88,1,"") | I88: =C88^2-$C$5^2 -> -1.7161 | J88: =IF(AND($R$40>F88,NOT(G88="")),F88,"") | K88: =IF(AND($R$40>F88,NOT(G88="")),I88,"") | L88: =IF(G88="",L87,F88*$R$6*(100/$R$5)) -> 3354.303 | M88: =IF(G88="",M87,(F88-$F$5)/G88) -> 52.77221 | N88: =IF(F88="","",(F88-(E88*$R$71+$R$72))*100/(MAX($F$5:$F$105)*0.9)) | V88: =B88*$R$8 -> #N/A | W88: =C88*$R$8 -> #N/A | X88: =D88*$R$8 -> #N/A
... E105: =IF(F105="","",E104+1) | F105: =IF(G105="","",B105) | G105: =IF(SUM($H$5:H104)<1,C105,"") | H105: =IF(MAX($C$5:$C$105)=C105,1,"") | I105: =C105^2-$C$5^2 -> -1.7161 | J105: =IF(AND($R$40>F105,NOT(G105="")),F105,"") | K105: =IF(AND($R$40>F105,NOT(G105="")),I105,"") | L105: =IF(G105="",L104,F105*$R$6*(100/$R$5)) -> 3354.303 | M105: =IF(G105="",M104,(F105-$F$5)/G105) -> 52.77221 | N105: =IF(F105="","",(F105-(E105*$R$71+$R$72))*100/(MAX($F$5:$F$105)*0.9)) | V105: =B105*$R$8 -> #N/A | W105: =C105*$R$8 -> #N/A | X105: =D105*$R$8 -> #N/A

Sheet Spectrogram
B2: spectorogram
A3: cycles | B3: H-DSNU | C3: H-PRNU | D3: cycles | E3: V-PRNU | F3: V-DSNU
A4: 0 | B4: 1 | C4: 1 | D4: 0 | E4: 1 | F4: 1
A5: 0.01 | B5: 1 | C5: 1 | D5: 0.01 | E5: 1 | F5: 1 | I5: X | J5: Y
A6: 0.02 | B6: 1 | C6: 1 | D6: 0.02 | E6: 1 | F6: 1 | H6: fit | I6: 0 | J6: 1
A7: 0.03 | B7: 1 | C7: 1 | D7: 0.03 | E7: 1 | F7: 1 | I7: 0.5 | J7: 1
A8: 0.04 | B8: 1 | C8: 1 | D8: 0.04 | E8: 1 | F8: 1
A9: 0.05 | B9: 1 | C9: 1 | D9: 0.05 | E9: 1 | F9: 1
A10: 0.06 | B10: 1 | C10: 1 | D10: 0.06 | E10: 1 | F10: 1
A11: 0.07 | B11: 1 | C11: 1 | D11: 0.07 | E11: 1 | F11: 1
A12: 0.08 | B12: 1 | C12: 1 | D12: 0.08 | E12: 1 | F12: 1
A13: 0.09 | B13: 1 | C13: 1 | D13: 0.09 | E13: 1 | F13: 1
A14: 0.1 | B14: 1 | C14: 1 | D14: 0.1 | E14: 1 | F14: 1
A15: 0.11 | B15: 1 | C15: 1 | D15: 0.11 | E15: 1 | F15: 1
A16: 0.12 | B16: 1 | C16: 1 | D16: 0.12 | E16: 1 | F16: 1
A17: 0.13 | B17: 1 | C17: 1 | D17: 0.13 | E17: 1 | F17: 1
A18: 0.14 | B18: 1 | C18: 1 | D18: 0.14 | E18: 1 | F18: 1
A19: 0.15 | B19: 1 | C19: 1 | D19: 0.15 | E19: 1 | F19: 1
... A35: 0.31 | B35: 1 | C35: 1 | D35: 0.31 | E35: 1 | F35: 1
A36: 0.32 | B36: 1 | C36: 1 | D36: 0.32 | E36: 1 | F36: 1 | I36: X | J36: Y
A37: 0.33 | B37: 1 | C37: 1 | D37: 0.33 | E37: 1 | F37: 1 | H37: fit | I37: 0 | J37: 1
A38: 0.34 | B38: 1 | C38: 1 | D38: 0.34 | E38: 1 | F38: 1 | I38: 0.5 | J38: 1
A39: 0.35 | B39: 1 | C39: 1 | D39: 0.35 | E39: 1 | F39: 1
A40: 0.36 | B40: 1 | C40: 1 | D40: 0.36 | E40: 1 | F40: 1
A41: 0.37 | B41: 1 | C41: 1 | D41: 0.37 | E41: 1 | F41: 1
A42: 0.38 | B42: 1 | C42: 1 | D42: 0.38 | E42: 1 | F42: 1
A43: 0.39 | B43: 1 | C43: 1 | D43: 0.39 | E43: 1 | F43: 1
A44: 0.4 | B44: 1 | C44: 1 | D44: 0.4 | E44: 1 | F44: 1
A45: 0.41 | B45: 1 | C45: 1 | D45: 0.41 | E45: 1 | F45: 1
A46: 0.42 | B46: 1 | C46: 1 | D46: 0.42 | E46: 1 | F46: 1
A47: 0.43 | B47: 1 | C47: 1 | D47: 0.43 | E47: 1 | F47: 1
A48: 0.44 | B48: 1 | C48: 1 | D48: 0.44 | E48: 1 | F48: 1
A49: 0.45 | B49: 1 | C49: 1 | D49: 0.45 | E49: 1 | F49: 1
A50: 0.46 | B50: 1 | C50: 1 | D50: 0.46 | E50: 1 | F50: 1
... A54: 0.5 | B54: 1 | C54: 1 | D54: 0.5 | E54: 1 | F54: 1
I67: X | J67: Y
H68: fit | I68: 0 | J68: 1
I69: 0.5 | J69: 1
I99: X | J99: Y
H100: fit | I100: 0 | J100: 1
I101: 0.5 | J101: 1

Sheet Data
B2: VP-151MX-M6
B3: Item | D3: Symbol | E3: Value | F3: Unit
B4: Quantum efficiency | D4: η | E4: 88.4 | F4: %
B5: Overall System Gain | D5: K | E5: ='Linearity Data'!V6 -> #N/A | F5: e-/DN
B6: Dark Noise | D6: σd | E6: =E7*E5 -> #N/A | F6: e-
D7: σy.dark | E7: ='Linearity Data'!C5 -> 0 | F7: DN
B8: DSNU1288 | D8: Sd | E8: ='Linearity Data'!V10 -> #N/A | F8: e-
D9: Sy.dark | E9: =E8/E5 -> #N/A | F9: DN
B10: SNR Max | D10: SNR | E10: ='Linearity Data'!W26 -> 1 | F10: Ratio
D11: SNR dB | E11: =20*LOG(E10) -> 0 | F11: dB
D12: SNR bit | E12: =LOG(E10)/LOG(2) -> 0 | F12: bit
B13: PRNU1288 | D13: Sg | E13: ='Linearity Data'!V11 -> #N/A | F13: %
B14: Non-Whiteness factor F(dark) | D14: F | E14: -
B15: Non-Whiteness factor F(50%) | D15: F | E15: -
B16: Non-Lineartity Error(0-100%) | D16: LE | E16: ='Linearity Data'!V73 -> 0 | F16: %
B17: Absolute sensitivity threshold | D17: μp.min | E17: ='Linearity Data'!V25 -> 0 | F17: e-
B18: Saturation Capacity | D18: μy.sat | E18: =E19/E5 -> #N/A | F18: DN
D19: μe.sat | E19: ='Linearity Data'!V26*E4/100 -> 0 | F19: e-
B20: Dynamic Range | D20: DR | E20: =E19/E6 -> #N/A | F20: Ratio
D21: DR dB | E21: =20*LOG(E20) -> #N/A | F21: dB
D22: DR bit | E22: =LOG(E20)/LOG(2) -> #N/A | F22: bit

Sheet Information
B2: VP-151MX-M6
B3: Item | D3: Description | F3: Unit
B4: EMVA 1288 Version | D4: 3.1
B5: Type of data Presented | D5: Single
B6: Vender | D6: Vieworks
B7: Model | D7: VP-151MX
B8: Tap Geomerty | D8: 1 TAP
B9: Sensor | D9: SONY 151MP
B10: Sensor Type | D10: CMOS
B11: Sensor diagonal | D11: =SQRT(D13^2+D14^2)*D15/1000 -> 66.693377 | F11: mm
B12: Lens category | D12: =D11/18 -> 3.7051876 | F12: inch
B13: Resolution X | D13: 14192
B14: Resolution Y | D14: 10640
B15: Pixel size | D15: 3.76 | F15: um
B16: Readout Type | D16: Progressive Scan
B17: Transfer Type | D17: Rolling
B18: Maximum Readout Rate | D18: 6.2 | F18: fps
B19: Interface Type | D19: CXP

Sheet Operation point
B2: VP-151MX-M6
B3: Item | D3: Description | G3: Unit
B4: Video Output format | D4: 14bit | G4: bit
B5: Gain value | D5: 0 | G5: unit
B6: Offset value | D6: 5 | G6: unit
B7: Exposure time | D7: 10 | G7: ms
B8: Measure Time | D8: =NOW() -> 45883.568 | G8: Date
B10: MEASUREMENT SETUP
B11: Item | D11: Description | G11: Unit
B12: Light wavelength Mono Color NIR | D12: 525 465/525/625 850 | G12: nm nm nm
B13: Wavelength Variation | D13: 50 nm
B14: Distance Sensor to Light source | D14: 112 | G14: mm
B15: Diameter of the light souce | D15: 14 | G15: mm
B16: f-Number | D16: 8 | G16: f#
